suggested_rank,pos_rank,player_name,pos_2026,team_2026,status,depth_chart_position,depth_chart_order,depth_source_conflict,sleeper_id,player_id,espn_id,proj_ppg,exp_games,proj_season_pts,replacement_pts,vor,vor_ceiling_tilt,rank_ceiling_tilt,model,n_eff,shrink_pct,wtd_ppg,prior_ppg,ppg_2025,ppg_2024,ppg_2023,g_2025,g_2024,g_2023,trend_25_vs_24,wtd_bonus_ppg,td40_total,exp20_total,rz_touch_pg,snap_pg,g_recent,sd_wk,cv,p85_wk,boom_rate,startable_rate,bust_rate,ceiling_z,team_2025,team_changed,qb_2025,qb_2026,qb_changed,coach_continuity,years_exp,draft_number,draft_club,college,cfb_match,cfb_season,cfb_games,cfb_yds_pg,cfb_big20_pg,cfb_big40_pg,cfb_tds,version,build_date
1,1,Jahmyr Gibbs,RB,DET,ACT,RB,1.0,,9221.0,00-0039139,4429795.0,16.763,16.259,272.5,129.4,143.1,155.8,1,nfl_history,28.5,21.9,19.36,7.511,19.788,20.229,14.473,17.0,17.0,15.0,-0.44,0.453,6.0,46.0,3.673,40.245,34.0,11.353,0.677,32.075,0.559,0.794,0.088,1.64,DET,no,Jared Goff,Jared Goff,no,NOT_AVAILABLE,3,12.0,DET,Alabama; Georgia Tech,no_college_match,,,,,,,v2.0,2026-09-08
2,2,Bijan Robinson,RB,ATL,ACT,RB,1.0,,9509.0,00-0038542,4430807.0,16.318,16.4,267.6,129.4,138.2,152.7,2,nfl_history,28.9,21.7,18.756,7.511,20.018,18.541,12.982,17.0,17.0,17.0,1.48,0.46,4.0,38.0,2.98,48.863,34.0,8.639,0.529,28.805,0.618,0.794,0.059,1.87,ATL,no,Michael Penix Jr.,Tua Tagovailoa,YES,NOT_AVAILABLE,3,8.0,ATL,Texas,no_college_match,,,,,,,v2.0,2026-09-08
3,3,Jonathan Taylor,RB,IND,ACT,RB,1.0,,6813.0,00-0036223,4242335.0,16.436,15.376,252.7,129.4,123.3,133.2,3,nfl_history,26.0,23.5,19.182,7.511,20.429,17.407,14.79,17.0,14.0,10.0,3.02,0.573,6.0,30.0,4.317,48.195,31.0,11.95,0.727,31.4,0.419,0.774,0.065,1.27,IND,no,Daniel Jones,Daniel Jones,no,NOT_AVAILABLE,6,41.0,IND,Wisconsin,no_college_match,,,,,,,v2.0,2026-09-08
4,4,Derrick Henry,RB,BAL,ACT,RB,1.0,,3198.0,00-0032764,3043078.0,15.099,16.4,247.6,129.4,118.2,129.6,6,nfl_history,28.9,21.7,17.2,7.511,16.529,19.759,14.156,17.0,17.0,17.0,-3.23,0.564,3.0,46.0,3.235,34.275,34.0,9.611,0.637,26.425,0.529,0.794,0.088,1.47,BAL,no,Lamar Jackson,Lamar Jackson,no,NOT_AVAILABLE,10,45.0,TEN,Alabama,no_college_match,,,,,,,v2.0,2026-09-08
5,5,Christian McCaffrey,RB,SF,ACT,RB,1.0,,4034.0,00-0033280,3117251.0,17.251,14.035,242.1,129.4,112.7,130.7,4,nfl_history,22.2,26.5,20.762,7.511,21.624,10.075,22.862,17.0,4.0,16.0,11.55,0.261,2.0,24.0,5.216,51.649,21.0,8.852,0.513,30.6,0.667,0.857,0.0,2.32,SF,no,Mac Jones,Brock Purdy,YES,NOT_AVAILABLE,9,8.0,CAR,Stanford,no_college_match,,,,,,,v2.0,2026-09-08
6,1,Ja'Marr Chase,WR,CIN,ACT,WR,1.0,,7564.0,00-0036900,4362628.0,15.148,15.976,242.0,130.8,111.2,130.7,4,nfl_history,27.7,20.2,17.303,6.621,16.194,20.735,13.732,16.0,17.0,16.0,-4.54,0.581,11.0,48.0,1.612,59.816,33.0,11.31,0.747,29.14,0.515,0.727,0.212,2.48,CIN,no,Joe Burrow,Joe Burrow,no,NOT_AVAILABLE,5,5.0,CIN,LSU,no_college_match,,,,,,,v2.0,2026-09-08
7,6,De'Von Achane,RB,MIA,ACT,RB,1.0,,9226.0,00-0039040,4429160.0,15.115,15.624,236.1,129.4,106.7,120.2,9,nfl_history,26.7,23.1,17.393,7.511,18.456,15.559,16.745,16.0,17.0,11.0,2.9,0.371,6.0,35.0,2.818,38.591,33.0,8.044,0.532,24.16,0.576,0.788,0.091,1.74,MIA,no,Tua Tagovailoa,Malik Willis,YES,NOT_AVAILABLE,3,84.0,MIA,Texas A&M,no_college_match,,,,,,,v2.0,2026-09-08
8,7,James Cook,RB,BUF,ACT,RB,1.0,,8138.0,00-0037248,4379399.0,14.505,16.224,235.3,129.4,105.9,121.8,7,nfl_history,28.4,22.0,16.475,7.511,17.453,16.106,12.453,17.0,16.0,17.0,1.35,0.655,8.0,35.0,3.02,35.16,33.0,9.02,0.622,27.8,0.636,0.667,0.121,2.05,BUF,no,Josh Allen,Josh Allen,no,NOT_AVAILABLE,4,63.0,BUF,Georgia,no_college_match,,,,,,,v2.0,2026-09-08
9,2,Puka Nacua,WR,LA,ACT,WR,1.0,,9493.0,00-0039075,4426515.0,15.752,14.988,236.1,130.8,105.3,121.5,8,nfl_history,24.9,21.9,18.319,6.621,19.969,15.645,14.882,16.0,11.0,17.0,4.32,0.526,3.0,65.0,1.25,50.318,27.0,9.618,0.611,25.19,0.481,0.815,0.111,2.06,LA,no,Matthew Stafford,Matthew Stafford,no,NOT_AVAILABLE,3,177.0,LAR,BYU; Washington,no_college_match,,,,,,,v2.0,2026-09-08
10,3,Amon-Ra St. Brown,WR,DET,ACT,WR,1.0,,7547.0,00-0036963,4374302.0,14.169,16.329,231.4,130.8,100.6,113.8,10,nfl_history,28.7,19.6,16.01,6.621,15.853,15.731,17.588,17.0,17.0,16.0,0.12,0.348,3.0,61.0,1.92,59.18,34.0,9.035,0.638,22.695,0.324,0.618,0.206,1.68,DET,no,Jared Goff,Jared Goff,no,NOT_AVAILABLE,5,112.0,DET,USC,no_college_match,,,,,,,v2.0,2026-09-08
11,8,Saquon Barkley,RB,PHI,ACT,RB,1.0,,4866.0,00-0034844,3929630.0,14.297,15.659,223.9,129.4,94.5,106.5,11,nfl_history,26.8,23.0,16.322,7.511,13.738,22.112,14.55,16.0,16.0,14.0,-8.38,0.53,7.0,38.0,3.826,49.804,32.0,10.741,0.751,32.68,0.531,0.75,0.094,1.54,PHI,no,Jalen Hurts,Jalen Hurts,no,NOT_AVAILABLE,8,2.0,NYG,Penn State,no_college_match,,,,,,,v2.0,2026-09-08
12,4,Jaxon Smith-Njigba,WR,SEA,ACT,WR,1.0,,9488.0,00-0038543,4430878.0,13.451,16.4,220.6,130.8,89.8,105.0,12,nfl_history,28.9,19.5,15.106,6.621,18.259,12.059,6.959,17.0,17.0,17.0,6.2,0.467,3.0,49.0,0.843,48.078,34.0,8.278,0.615,23.315,0.412,0.647,0.265,1.94,SEA,no,Sam Darnold,Sam Darnold,no,NOT_AVAILABLE,3,20.0,SEA,Ohio State,no_college_match,,,,,,,v2.0,2026-09-08
13,9,Kyren Williams,RB,LA,ACT,RB,1.0,,8150.0,00-0037840,4430737.0,13.693,15.871,217.3,129.4,87.9,98.5,14,nfl_history,27.4,22.6,15.498,7.511,14.512,16.106,20.454,17.0,16.0,12.0,-1.59,0.153,0.0,20.0,4.689,51.956,33.0,5.814,0.425,20.58,0.455,0.788,0.03,1.36,LA,no,Matthew Stafford,Matthew Stafford,no,NOT_AVAILABLE,4,164.0,LAR,Notre Dame,no_college_match,,,,,,,v2.0,2026-09-08
14,1,Josh Allen,QB,BUF,ACT,QB,1.0,,4984.0,00-0034857,3918298.0,22.574,15.871,358.3,280.5,77.8,104.7,13,nfl_history,27.4,36.9,26.616,15.652,26.164,27.44,26.802,16.0,16.0,17.0,-1.28,0.478,12.0,11.0,2.041,63.796,32.0,12.988,0.575,40.614,0.656,0.656,0.188,1.6,BUF,no,,,n/a,NOT_AVAILABLE,8,7.0,BUF,Wyoming; Reedley,no_college_match,,,,,,,v2.0,2026-09-08
15,10,Chase Brown,RB,CIN,ACT,RB,1.0,,9224.0,00-0038597,4362238.0,12.431,15.8,196.4,129.4,67.0,77.6,16,nfl_history,27.2,22.7,13.878,7.511,14.653,14.831,4.427,17.0,16.0,11.0,-0.18,0.136,1.0,22.0,2.659,34.477,33.0,7.111,0.572,24.16,0.455,0.758,0.152,1.36,CIN,no,Joe Burrow,Joe Burrow,no,NOT_AVAILABLE,3,163.0,CIN,Illinois; Western Michigan,no_college_match,,,,,,,v2.0,2026-09-08
16,1,Trey McBride,TE,ARI,ACT,TE,1.0,,8130.0,00-0037744,4361307.0,11.905,16.224,193.1,127.3,65.8,81.2,15,nfl_history,28.4,17.4,13.484,4.432,15.053,12.331,8.353,17.0,16.0,17.0,2.72,0.173,0.0,31.0,1.36,55.06,33.0,6.93,0.582,20.94,0.576,0.758,0.121,2.02,ARI,no,Jacoby Brissett,Jacoby Brissett,no,NOT_AVAILABLE,4,55.0,AZ,Colorado State,no_college_match,,,,,,,v2.0,2026-09-08
17,11,Breece Hall,RB,NYJ,ACT,RB,1.0,,8155.0,00-0038120,4427366.0,11.702,15.871,185.7,129.4,56.3,63.9,19,nfl_history,27.4,22.6,12.926,7.511,12.354,13.15,15.088,16.0,16.0,17.0,-0.8,0.299,5.0,34.0,2.041,41.367,32.0,7.728,0.66,20.575,0.312,0.562,0.25,0.98,NYJ,no,Justin Fields,Geno Smith,YES,NOT_AVAILABLE,4,36.0,NYJ,Iowa State,no_college_match,,,,,,,v2.0,2026-09-08
18,5,CeeDee Lamb,WR,DAL,ACT,WR,1.0,,6786.0,00-0036358,4241389.0,12.778,14.635,187.0,130.8,56.2,66.3,17,nfl_history,23.9,22.7,14.581,6.621,13.108,14.527,20.335,13.0,15.0,17.0,-1.42,0.49,5.0,62.0,1.644,56.489,28.0,6.795,0.532,20.965,0.286,0.571,0.25,1.29,DAL,no,Dak Prescott,Dak Prescott,no,NOT_AVAILABLE,6,17.0,DAL,Oklahoma,no_college_match,,,,,,,v2.0,2026-09-08
19,12,D'Andre Swift,RB,CHI,ACT,RB,1.0,,6790.0,00-0036275,4259545.0,11.44,15.976,182.8,129.4,53.4,59.8,22,nfl_history,27.7,22.4,12.574,7.511,13.475,11.382,11.238,16.0,17.0,16.0,2.09,0.195,2.0,26.0,2.367,40.857,33.0,6.713,0.587,20.98,0.273,0.485,0.212,0.83,CHI,no,Caleb Williams,Caleb Williams,no,NOT_AVAILABLE,6,35.0,DET,Georgia,no_college_match,,,,,,,v2.0,2026-09-08
20,6,George Pickens,WR,DAL,ACT,WR,2.0,,8137.0,00-0037247,4426354.0,11.597,15.871,184.0,130.8,53.2,61.0,20,nfl_history,27.4,20.3,12.868,6.621,14.553,9.779,10.803,17.0,14.0,17.0,4.77,0.321,5.0,61.0,1.0,55.646,31.0,8.009,0.691,22.05,0.226,0.419,0.387,1.0,DAL,no,Dak Prescott,Dak Prescott,no,NOT_AVAILABLE,4,52.0,PIT,Georgia,no_college_match,,,,,,,v2.0,2026-09-08
21,13,Travis Etienne,RB,NO,ACT,RB,1.0,,7543.0,00-0036973,4239996.0,11.304,16.047,181.4,129.4,52.0,56.4,27,nfl_history,27.9,22.3,12.392,7.511,14.053,7.38,15.141,17.0,15.0,17.0,6.67,0.172,4.0,21.0,2.735,41.653,32.0,6.548,0.579,18.45,0.219,0.469,0.25,0.57,JAX,YES,Trevor Lawrence,Tyler Shough,YES,NOT_AVAILABLE,5,25.0,JAX,Clemson,no_college_match,,,,,,,v2.0,2026-09-08
22,7,Davante Adams,WR,LA,ACT,WR,2.0,,2133.0,00-0031381,16800.0,12.3,14.812,182.2,130.8,51.4,65.2,18,nfl_history,24.4,22.3,13.93,6.621,13.921,14.486,12.818,14.0,14.0,17.0,-0.56,0.197,3.0,43.0,1.978,53.111,28.0,8.123,0.66,20.695,0.357,0.536,0.357,1.76,LA,no,Matthew Stafford,Matthew Stafford,no,NOT_AVAILABLE,12,53.0,GB,Fresno State,no_college_match,,,,,,,v2.0,2026-09-08
23,8,Nico Collins,WR,HOU,ACT,WR,1.0,,7569.0,00-0036554,4258173.0,12.198,14.671,178.9,130.8,48.1,59.3,23,nfl_history,24.0,22.6,13.824,6.621,13.047,15.133,15.093,15.0,12.0,15.0,-2.09,0.371,5.0,57.0,1.19,46.405,27.0,6.283,0.515,20.13,0.296,0.519,0.296,1.43,HOU,no,C.J. Stroud,C.J. Stroud,no,NOT_AVAILABLE,5,89.0,HOU,Michigan,no_college_match,,,,,,,v2.0,2026-09-08
24,2,Jared Goff,QB,DET,ACT,QB,1.0,,3163.0,00-0033106,3046779.0,20.0,16.4,328.0,280.5,47.5,58.6,25,nfl_history,28.9,35.6,22.407,15.652,21.945,23.939,20.888,17.0,17.0,17.0,-1.99,0.626,13.0,1.0,0.51,66.098,34.0,11.449,0.572,33.346,0.471,0.471,0.265,0.66,DET,no,,,n/a,NOT_AVAILABLE,10,1.0,LAR,California,no_college_match,,,,,,,v2.0,2026-09-08
25,9,A.J. Brown,WR,NE,ACT,WR,1.0,,5859.0,00-0035676,4047646.0,11.811,14.988,177.0,130.8,46.2,60.6,21,nfl_history,24.9,21.9,13.27,6.621,12.42,14.646,14.388,15.0,13.0,17.0,-2.23,0.406,3.0,52.0,0.933,58.4,28.0,7.998,0.677,21.98,0.393,0.464,0.357,1.84,PHI,YES,Jalen Hurts,Drake Maye,YES,NOT_AVAILABLE,7,51.0,TEN,Mississippi,no_college_match,,,,,,,v2.0,2026-09-08
26,10,Justin Jefferson,WR,MIN,ACT,WR,1.0,,6794.0,00-0036322,4262921.0,11.005,15.906,175.0,130.8,44.2,54.8,29,nfl_history,27.5,20.3,12.121,6.621,9.559,15.999,17.42,17.0,17.0,10.0,-6.44,0.28,3.0,65.0,1.295,57.591,34.0,7.164,0.651,17.935,0.294,0.471,0.265,1.35,MIN,no,J.J. McCarthy,Kyler Murray,YES,NOT_AVAILABLE,6,22.0,MIN,LSU,no_college_match,,,,,,,v2.0,2026-09-08
27,14,Javonte Williams,RB,DAL,ACT,RB,1.0,,7588.0,00-0036997,4361579.0,10.77,15.976,172.1,129.4,42.7,48.4,32,nfl_history,27.7,22.4,11.711,7.511,14.206,7.759,9.731,16.0,17.0,16.0,6.45,0.072,0.0,12.0,3.0,37.469,33.0,6.903,0.641,17.86,0.242,0.424,0.303,0.74,DAL,no,Dak Prescott,Dak Prescott,no,NOT_AVAILABLE,5,35.0,DEN,North Carolina,no_college_match,,,,,,,v2.0,2026-09-08
28,15,Jeremiyah Love,RB,ARI,ACT,RB,1.0,,13287.0,00-0041027,4870808.0,10.118,17.0,172.0,129.4,42.6,42.6,37,draft_capital+college,0.0,57.1,,7.455,,,,,,,,,,,,,,,,,,,,0.0,,no_2025_team,,Jacoby Brissett,unknown,NOT_AVAILABLE,0,3.0,AZ,Notre Dame,matched,2025.0,12.0,114.083,0.833,0.167,13.0,v2.0,2026-09-08
29,3,Matthew Stafford,QB,LA,ACT,QB,1.0,,421.0,00-0026498,12483.0,20.073,16.082,322.8,280.5,42.3,55.4,28,nfl_history,28.0,36.4,22.6,15.652,26.258,15.849,19.873,17.0,16.0,15.0,10.41,0.389,6.0,0.0,0.354,65.438,33.0,10.92,0.544,34.852,0.485,0.485,0.394,0.78,LA,no,,,n/a,NOT_AVAILABLE,17,1.0,DET,Georgia,no_college_match,,,,,,,v2.0,2026-09-08
30,11,Drake London,WR,ATL,ACT,WR,1.0,,8112.0,00-0037238,4426502.0,11.874,14.565,172.9,130.8,42.1,54.0,30,nfl_history,23.7,22.8,13.425,6.621,14.408,13.753,8.868,12.0,17.0,16.0,0.66,0.291,0.0,42.0,1.356,57.8,29.0,9.142,0.77,22.32,0.31,0.483,0.345,1.51,ATL,no,Michael Penix Jr.,Tua Tagovailoa,YES,NOT_AVAILABLE,4,8.0,ATL,USC,no_college_match,,,,,,,v2.0,2026-09-08
31,12,Zay Flowers,WR,BAL,ACT,WR,1.0,,9997.0,00-0039064,4429615.0,10.501,16.329,171.5,130.8,40.7,47.5,33,nfl_history,28.7,19.6,11.447,6.621,12.076,10.5,10.619,17.0,17.0,16.0,1.58,0.293,4.0,51.0,0.82,52.3,34.0,7.461,0.711,17.745,0.206,0.382,0.382,0.87,BAL,no,Lamar Jackson,Lamar Jackson,no,NOT_AVAILABLE,3,22.0,BAL,Boston College,no_college_match,,,,,,,v2.0,2026-09-08
32,16,Rico Dowdle,RB,PIT,ACT,RB,2.0,,7021.0,00-0036139,4038815.0,10.438,16.153,168.6,129.4,39.2,44.9,36,nfl_history,28.2,22.1,11.268,7.511,12.332,11.331,5.456,17.0,16.0,16.0,1.0,0.213,0.0,14.0,1.898,30.082,33.0,7.725,0.74,17.76,0.242,0.545,0.242,0.74,CAR,YES,Bryce Young,Aaron Rodgers,YES,NOT_AVAILABLE,6,,,South Carolina,no_college_match,,,,,,,v2.0,2026-09-08
33,13,Courtland Sutton,WR,DEN,ACT,WR,2.0,,5045.0,00-0034348,3128429.0,10.426,16.153,168.4,130.8,37.6,46.2,34,nfl_history,28.2,19.9,11.37,6.621,10.924,12.8,10.169,17.0,16.0,16.0,-1.88,0.174,3.0,48.0,1.265,53.816,33.0,6.489,0.622,17.74,0.242,0.485,0.333,1.09,DEN,no,Bo Nix,Bo Nix,no,NOT_AVAILABLE,8,40.0,DEN,SMU,no_college_match,,,,,,,v2.0,2026-09-08
34,14,Tee Higgins,WR,CIN,ACT,WR,2.0,,6801.0,00-0036410,4239993.0,11.535,14.459,166.8,130.8,36.0,45.6,35,nfl_history,23.4,23.0,13.005,6.621,12.407,15.717,9.967,15.0,12.0,12.0,-3.31,0.261,5.0,34.0,1.359,50.718,27.0,8.682,0.753,24.26,0.259,0.519,0.37,1.22,CIN,no,Joe Burrow,Joe Burrow,no,NOT_AVAILABLE,6,33.0,CIN,Clemson,no_college_match,,,,,,,v2.0,2026-09-08
35,4,Baker Mayfield,QB,TB,ACT,QB,1.0,,4892.0,00-0034855,3052587.0,19.184,16.4,314.6,280.5,34.1,58.7,24,nfl_history,28.9,35.6,21.14,15.652,18.878,26.282,19.592,17.0,17.0,17.0,-7.4,0.384,11.0,8.0,0.667,65.137,34.0,9.864,0.514,32.936,0.588,0.588,0.265,1.46,TB,no,,,n/a,NOT_AVAILABLE,8,1.0,CLE,Oklahoma; Texas Tech,no_college_match,,,,,,,v2.0,2026-09-08
36,17,Jaylen Warren,RB,PIT,ACT,RB,1.0,,8228.0,00-0037228,4569987.0,10.359,15.694,162.6,129.4,33.2,36.5,43,nfl_history,26.9,22.9,11.207,7.511,13.147,7.697,9.818,16.0,15.0,17.0,5.45,0.171,3.0,20.0,1.938,30.312,31.0,6.114,0.59,15.275,0.194,0.516,0.194,0.42,PIT,no,Aaron Rodgers,Aaron Rodgers,no,NOT_AVAILABLE,4,,,Oklahoma State,no_college_match,,,,,,,v2.0,2026-09-08
37,18,David Montgomery,RB,HOU,ACT,RB,1.0,,5892.0,00-0035685,4035538.0,10.359,15.659,162.2,129.4,32.8,37.5,41,nfl_history,26.8,23.0,11.21,7.511,9.231,14.694,14.514,17.0,14.0,14.0,-5.46,0.093,2.0,11.0,3.222,27.8,31.0,6.722,0.649,18.31,0.226,0.516,0.29,0.6,DET,YES,Jared Goff,C.J. Stroud,YES,NOT_AVAILABLE,7,73.0,CHI,Iowa State,no_college_match,,,,,,,v2.0,2026-09-08
38,5,Jalen Hurts,QB,PHI,ACT,QB,1.0,,6904.0,00-0036389,4040715.0,19.966,15.694,313.3,280.5,32.8,52.0,31,nfl_history,26.9,37.3,22.531,15.652,21.816,23.475,23.813,16.0,15.0,17.0,-1.66,0.286,9.0,11.0,2.542,62.542,31.0,9.392,0.47,33.27,0.516,0.516,0.258,1.14,PHI,no,,,n/a,NOT_AVAILABLE,6,53.0,PHI,Oklahoma; Alabama,no_college_match,,,,,,,v2.0,2026-09-08
39,19,Tony Pollard,RB,TEN,ACT,RB,1.0,,5967.0,00-0035261,3916148.0,9.967,16.224,161.7,129.4,32.3,34.1,45,nfl_history,28.4,22.0,10.659,7.511,10.135,11.45,11.418,17.0,16.0,17.0,-1.31,0.201,1.0,23.0,2.62,43.88,33.0,5.874,0.589,17.08,0.152,0.455,0.273,0.23,TEN,no,Cam Ward,Cam Ward,no,NOT_AVAILABLE,7,128.0,DAL,Memphis,no_college_match,,,,,,,v2.0,2026-09-08
40,20,Kenneth Walker III,RB,KC,ACT,RB,1.0,,8151.0,00-0038134,4567048.0,10.59,15.2,161.0,129.4,31.6,38.3,40,nfl_history,25.5,23.9,11.556,7.511,10.494,14.382,12.393,17.0,11.0,15.0,-3.89,0.153,2.0,31.0,2.581,34.163,28.0,7.228,0.683,18.885,0.286,0.5,0.286,0.86,SEA,YES,Sam Darnold,Patrick Mahomes,YES,NOT_AVAILABLE,4,41.0,SEA,Michigan State; Wake Forest,no_college_match,,,,,,,v2.0,2026-09-08
41,15,Jameson Williams,WR,DET,ACT,WR,2.0,,8148.0,00-0037240,4426388.0,10.28,15.694,161.3,130.8,30.5,40.3,38,nfl_history,26.9,20.6,11.233,6.621,11.376,12.68,5.692,17.0,15.0,12.0,-1.3,0.361,7.0,44.0,0.614,51.409,32.0,8.166,0.794,22.21,0.281,0.5,0.375,1.25,DET,no,Jared Goff,Jared Goff,no,NOT_AVAILABLE,4,12.0,DET,Alabama; Ohio State,no_college_match,,,,,,,v2.0,2026-09-08
42,16,Chris Olave,WR,NO,ACT,WR,1.0,,8144.0,00-0037239,4361370.0,11.184,14.388,160.9,130.8,30.1,37.3,42,nfl_history,23.2,23.2,12.561,6.621,13.875,7.712,12.05,16.0,8.0,16.0,6.16,0.237,1.0,31.0,0.85,50.4,24.0,7.982,0.714,19.415,0.208,0.417,0.375,0.92,NO,no,Tyler Shough,Tyler Shough,no,NOT_AVAILABLE,4,11.0,NO,Ohio State,no_college_match,,,,,,,v2.0,2026-09-08
43,17,Deebo Samuel Sr.,WR,SF,ACT,WR,2.0,,5872.0,00-0035719,3126486.0,10.203,15.553,158.7,130.8,27.9,33.0,46,nfl_history,26.5,20.9,11.149,6.621,10.738,10.45,15.093,16.0,15.0,15.0,0.29,0.102,4.0,37.0,1.478,45.717,31.0,6.486,0.636,17.5,0.161,0.323,0.484,0.65,WAS,YES,Marcus Mariota,Brock Purdy,YES,NOT_AVAILABLE,7,36.0,SF,South Carolina,no_college_match,,,,,,,v2.0,2026-09-08
44,6,Lamar Jackson,QB,BAL,ACT,QB,1.0,,4881.0,00-0034796,3916387.0,20.649,14.918,308.0,280.5,27.5,57.6,26,nfl_history,24.7,39.3,23.886,15.652,19.605,30.434,23.889,13.0,17.0,16.0,-10.83,0.348,13.0,11.0,1.435,61.217,30.0,11.453,0.555,34.378,0.7,0.7,0.233,1.79,BAL,no,,,n/a,NOT_AVAILABLE,8,32.0,BAL,Louisville,no_college_match,,,,,,,v2.0,2026-09-08
45,18,DeVonta Smith,WR,PHI,ACT,WR,1.0,,7525.0,00-0036912,4241478.0,9.951,15.624,155.5,130.8,24.7,31.2,48,nfl_history,26.7,20.8,10.825,6.621,9.782,13.031,11.881,17.0,13.0,16.0,-3.25,0.21,4.0,42.0,0.717,59.391,30.0,7.582,0.762,16.96,0.2,0.467,0.467,0.83,PHI,no,Jalen Hurts,Jalen Hurts,no,NOT_AVAILABLE,5,10.0,PHI,Alabama,no_college_match,,,,,,,v2.0,2026-09-08
46,19,DJ Moore,WR,BUF,ACT,WR,1.0,,4983.0,00-0034827,3915416.0,9.448,16.4,154.9,130.8,24.1,32.3,47,nfl_history,28.9,19.5,10.133,6.621,8.716,11.241,14.441,17.0,17.0,17.0,-2.52,0.118,2.0,48.0,1.0,60.275,34.0,7.318,0.775,20.425,0.235,0.235,0.559,1.04,CHI,YES,Caleb Williams,Josh Allen,YES,NOT_AVAILABLE,8,24.0,CAR,Maryland,no_college_match,,,,,,,v2.0,2026-09-08
47,20,DK Metcalf,WR,PIT,ACT,WR,1.0,,5846.0,00-0035640,4047650.0,10.028,15.271,153.1,130.8,22.3,28.8,49,nfl_history,25.7,21.4,10.956,6.621,10.713,10.88,12.275,15.0,15.0,16.0,-0.17,0.245,4.0,54.0,1.022,53.022,30.0,6.058,0.604,17.76,0.2,0.333,0.467,0.83,PIT,no,Aaron Rodgers,Aaron Rodgers,no,NOT_AVAILABLE,7,64.0,SEA,Mississippi,no_college_match,,,,,,,v2.0,2026-09-08
48,21,Rhamondre Stevenson,RB,NE,ACT,RB,1.0,,7611.0,00-0036875,4569173.0,10.333,14.635,151.2,129.4,21.8,27.2,52,nfl_history,23.9,25.1,11.278,7.511,11.843,10.427,10.642,14.0,15.0,12.0,1.42,0.071,1.0,17.0,2.683,39.463,29.0,8.47,0.82,19.66,0.241,0.448,0.379,0.69,NE,no,Drake Maye,Drake Maye,no,NOT_AVAILABLE,5,120.0,NE,Oklahoma; Cerritos College,no_college_match,,,,,,,v2.0,2026-09-08
49,2,George Kittle,TE,SF,ACT,TE,1.0,,4217.0,00-0033288,3040151.0,10.705,13.859,148.4,127.3,21.1,38.7,39,nfl_history,21.7,21.7,12.44,4.432,12.182,13.44,10.981,11.0,15.0,16.0,-1.26,0.184,2.0,48.0,1.143,53.738,26.0,6.623,0.619,19.4,0.615,0.769,0.192,2.3,SF,no,Mac Jones,Brock Purdy,YES,NOT_AVAILABLE,9,146.0,SF,Iowa,no_college_match,,,,,,,v2.0,2026-09-08
50,22,Zach Charbonnet,RB,SEA,RES,RB,4.0,,9753.0,00-0039165,4426385.0,9.366,15.976,149.6,129.4,20.2,23.1,54,nfl_history,27.7,22.4,9.901,7.511,10.775,9.876,5.6,16.0,17.0,16.0,0.9,0.072,1.0,17.0,2.102,31.327,33.0,7.865,0.84,15.76,0.182,0.424,0.364,0.37,SEA,no,Sam Darnold,Sam Darnold,no,NOT_AVAILABLE,3,52.0,SEA,UCLA; Michigan,no_college_match,,,,,,,v2.0,2026-09-08
51,7,Patrick Mahomes,QB,KC,ACT,QB,1.0,,4046.0,00-0033873,3139477.0,19.806,15.094,299.0,280.5,18.5,34.3,44,nfl_history,25.2,38.8,22.444,15.652,23.513,21.095,21.139,14.0,16.0,16.0,2.42,0.266,4.0,5.0,0.826,67.196,30.0,8.597,0.434,32.734,0.5,0.5,0.233,0.94,KC,no,,,n/a,NOT_AVAILABLE,9,10.0,KC,Texas Tech,no_college_match,,,,,,,v2.0,2026-09-08
52,23,Chuba Hubbard,RB,CAR,ACT,RB,1.0,,7594.0,00-0036555,4241416.0,9.625,15.341,147.7,129.4,18.3,26.5,53,nfl_history,25.9,23.6,10.278,7.511,8.137,14.873,9.588,15.0,15.0,17.0,-6.74,0.085,0.0,17.0,2.532,38.787,30.0,7.917,0.823,19.92,0.333,0.467,0.333,1.05,CAR,no,Bryce Young,Bryce Young,no,NOT_AVAILABLE,5,126.0,CAR,Oklahoma State,no_college_match,,,,,,,v2.0,2026-09-08
53,24,Kenny Gainwell,RB,TB,ACT,RB,2.0,,7567.0,00-0036919,4371733.0,9.033,16.329,147.5,129.4,18.1,21.8,56,nfl_history,28.7,21.8,9.457,7.511,12.732,4.553,5.083,17.0,17.0,16.0,8.18,0.035,1.0,9.0,1.82,25.2,34.0,7.484,0.829,16.128,0.206,0.324,0.529,0.48,PIT,YES,Aaron Rodgers,Baker Mayfield,YES,NOT_AVAILABLE,5,150.0,PHI,Memphis,no_college_match,,,,,,,v2.0,2026-09-08
54,21,Stefon Diggs,WR,WAS,ACT,WR,2.0,,2449.0,00-0031588,2976212.0,9.981,14.812,147.8,130.8,17.0,21.9,55,nfl_history,24.4,22.3,10.945,6.621,10.165,12.302,13.253,17.0,8.0,17.0,-2.14,0.254,1.0,32.0,0.857,46.833,25.0,5.815,0.583,17.58,0.16,0.4,0.44,0.63,NE,YES,Drake Maye,Jayden Daniels,YES,NOT_AVAILABLE,11,146.0,MIN,Maryland,no_college_match,,,,,,,v2.0,2026-09-08
55,8,Justin Herbert,QB,LAC,ACT,QB,1.0,,6797.0,00-0036355,4038941.0,18.832,15.765,296.9,280.5,16.4,21.4,59,nfl_history,27.1,37.1,20.709,15.652,21.242,19.553,21.205,16.0,17.0,13.0,1.69,0.351,5.0,11.0,0.739,63.609,33.0,8.679,0.461,31.492,0.394,0.394,0.333,0.3,LAC,no,,,n/a,NOT_AVAILABLE,6,6.0,LAC,Oregon,no_college_match,,,,,,,v2.0,2026-09-08
56,25,Bucky Irving,RB,TB,ACT,RB,1.0,,11584.0,00-0039361,4596448.0,11.375,12.729,144.8,129.4,15.4,21.5,58,nfl_history,18.5,30.2,13.046,7.511,12.55,13.629,,10.0,17.0,,-1.08,0.189,1.0,17.0,2.556,34.704,27.0,6.507,0.572,19.93,0.259,0.667,0.259,0.79,TB,no,Baker Mayfield,Baker Mayfield,no,NOT_AVAILABLE,2,125.0,TB,Oregon; Minnesota,no_college_match,,,,,,,v2.0,2026-09-08
57,22,Michael Pittman,WR,PIT,ACT,WR,2.0,,6819.0,00-0036252,4035687.0,8.983,16.153,145.1,130.8,14.3,18.9,62,nfl_history,28.2,19.9,9.569,6.621,9.612,8.331,12.434,17.0,16.0,16.0,1.28,0.099,1.0,27.0,1.102,57.408,33.0,5.907,0.658,16.44,0.152,0.333,0.515,0.58,IND,YES,Daniel Jones,Aaron Rodgers,YES,NOT_AVAILABLE,6,34.0,IND,USC,no_college_match,,,,,,,v2.0,2026-09-08
58,3,Brock Bowers,TE,LV,ACT,TE,1.0,,11604.0,00-0039338,4432665.0,10.477,13.435,140.8,127.3,13.5,27.6,51,nfl_history,20.5,22.6,12.246,4.432,12.183,12.335,,12.0,17.0,,-0.15,0.171,1.0,23.0,1.172,53.828,29.0,7.796,0.744,19.32,0.448,0.621,0.207,1.85,LV,no,Geno Smith,Kirk Cousins,YES,NOT_AVAILABLE,2,13.0,LV,Georgia,no_college_match,,,,,,,v2.0,2026-09-08
59,23,Jakobi Meyers,WR,JAX,ACT,WR,3.0,,5947.0,00-0034960,3916433.0,9.211,15.624,143.9,130.8,13.1,16.4,65,nfl_history,26.7,20.8,9.89,6.621,8.644,11.833,11.568,16.0,15.0,16.0,-3.19,0.056,0.0,35.0,1.106,56.872,31.0,4.947,0.537,15.05,0.129,0.29,0.484,0.42,JAX,no,Trevor Lawrence,Trevor Lawrence,no,NOT_AVAILABLE,7,,,N.C. State,no_college_match,,,,,,,v2.0,2026-09-08
60,26,Rachaad White,RB,WAS,ACT,RB,2.0,,8136.0,00-0037256,4697815.0,8.85,16.047,142.0,129.4,12.6,14.6,71,nfl_history,27.9,22.3,9.234,7.511,7.235,11.607,13.994,17.0,15.0,17.0,-4.37,0.022,1.0,20.0,2.204,40.98,32.0,6.173,0.698,14.44,0.156,0.344,0.406,0.26,TB,YES,Baker Mayfield,Jayden Daniels,YES,NOT_AVAILABLE,4,91.0,TB,Arizona State; Mt. San Antonio; Kearney State,no_college_match,,,,,,,v2.0,2026-09-08
61,24,Wan'Dale Robinson,WR,TEN,ACT,WR,2.0,,8126.0,00-0038117,4569587.0,9.015,15.906,143.4,130.8,12.6,15.5,68,nfl_history,27.5,20.3,9.625,6.621,10.997,8.012,6.88,16.0,17.0,15.0,2.99,0.109,0.0,27.0,0.75,51.479,33.0,5.845,0.648,14.24,0.121,0.273,0.515,0.37,NYG,YES,Jaxson Dart,Cam Ward,YES,NOT_AVAILABLE,4,43.0,NYG,Kentucky,no_college_match,,,,,,,v2.0,2026-09-08
62,25,Keenan Allen,WR,IND,ACT,WR,3.0,,1479.0,00-0030279,15818.0,9.071,15.765,143.0,130.8,12.2,18.0,63,nfl_history,27.1,20.5,9.704,6.621,8.306,10.027,17.912,17.0,15.0,13.0,-1.72,0.125,2.0,34.0,1.067,50.2,32.0,6.934,0.764,17.515,0.188,0.281,0.688,0.74,LAC,YES,Justin Herbert,Daniel Jones,YES,NOT_AVAILABLE,13,76.0,SD,California,no_college_match,,,,,,,v2.0,2026-09-08
63,27,Alvin Kamara,RB,NO,ACT,RB,2.0,,4035.0,00-0033906,3054850.0,10.508,13.471,141.6,129.4,12.2,14.5,72,nfl_history,20.6,28.0,11.672,7.511,7.655,16.736,15.038,11.0,14.0,13.0,-9.08,0.097,1.0,15.0,2.895,43.579,25.0,8.878,0.845,16.92,0.16,0.64,0.24,0.29,NO,no,Tyler Shough,Tyler Shough,no,NOT_AVAILABLE,9,67.0,NO,Tennessee; Hutchinson CC; Alabama,no_college_match,,,,,,,v2.0,2026-09-08
64,9,Bo Nix,QB,DEN,ACT,QB,1.0,,11563.0,00-0039732,4426338.0,19.196,15.2,291.8,280.5,11.3,19.2,61,nfl_history,25.5,38.6,21.419,15.652,21.049,22.159,,17.0,17.0,,-1.11,0.294,4.0,9.0,1.118,65.412,34.0,9.888,0.515,31.979,0.412,0.412,0.294,0.47,DEN,no,,,n/a,NOT_AVAILABLE,2,12.0,DEN,Oregon; Auburn,no_college_match,,,,,,,v2.0,2026-09-08
65,26,Ladd McConkey,WR,LAC,ACT,WR,1.0,,11635.0,00-0039915,4612826.0,9.663,14.671,141.8,130.8,11.0,15.8,67,nfl_history,24.0,22.6,10.55,6.621,9.441,12.769,,16.0,16.0,,-3.33,0.188,2.0,23.0,0.781,49.125,32.0,6.82,0.706,16.825,0.156,0.469,0.406,0.61,LAC,no,Justin Herbert,Justin Herbert,no,NOT_AVAILABLE,2,34.0,LAC,Georgia,no_college_match,,,,,,,v2.0,2026-09-08
66,27,Jaylen Waddle,WR,DEN,ACT,WR,1.0,,7526.0,00-0036613,4372016.0,9.162,15.482,141.8,130.8,11.0,14.3,74,nfl_history,26.3,21.0,9.838,6.621,10.258,8.173,11.9,16.0,15.0,14.0,2.08,0.183,3.0,39.0,0.778,47.244,31.0,6.359,0.694,16.0,0.129,0.323,0.613,0.42,MIA,YES,Tua Tagovailoa,Bo Nix,YES,NOT_AVAILABLE,5,6.0,MIA,Alabama,no_college_match,,,,,,,v2.0,2026-09-08
67,28,Terry McLaurin,WR,WAS,ACT,WR,1.0,,5927.0,00-0035659,3121422.0,10.141,13.929,141.3,130.8,10.5,21.7,57,nfl_history,21.9,24.2,11.267,6.621,9.62,13.694,10.041,10.0,17.0,17.0,-4.07,0.192,2.0,34.0,0.773,52.477,27.0,6.579,0.649,19.22,0.296,0.593,0.333,1.43,WAS,no,Marcus Mariota,Jayden Daniels,YES,NOT_AVAILABLE,7,76.0,WAS,Ohio State,no_college_match,,,,,,,v2.0,2026-09-08
68,10,Trevor Lawrence,QB,JAX,ACT,QB,1.0,,7523.0,00-0036971,4360310.0,19.219,15.094,290.1,280.5,9.6,16.3,66,nfl_history,25.2,38.8,21.484,15.652,23.305,16.82,19.096,17.0,10.0,16.0,6.48,0.187,6.0,6.0,0.977,62.721,27.0,10.533,0.548,28.248,0.407,0.407,0.259,0.4,JAX,no,,,n/a,NOT_AVAILABLE,5,1.0,JAX,Clemson,no_college_match,,,,,,,v2.0,2026-09-08
69,4,Travis Kelce,TE,KC,ACT,TE,1.0,,1466.0,00-0030506,15847.0,8.507,16.082,136.8,127.3,9.5,21.1,60,nfl_history,28.0,17.6,9.38,4.432,9.071,9.181,11.66,17.0,16.0,15.0,-0.11,0.032,0.0,31.0,1.292,54.521,33.0,5.657,0.665,16.08,0.273,0.485,0.364,1.52,KC,no,Patrick Mahomes,Patrick Mahomes,no,NOT_AVAILABLE,13,63.0,KC,Cincinnati,no_college_match,,,,,,,v2.0,2026-09-08
70,29,Alec Pierce,WR,IND,ACT,WR,1.0,,8142.0,00-0037664,4360078.0,8.978,15.518,139.3,130.8,8.5,14.5,72,nfl_history,26.4,21.0,9.603,6.621,10.853,9.306,4.788,15.0,16.0,17.0,1.55,0.242,5.0,38.0,0.438,56.667,31.0,7.99,0.89,19.2,0.194,0.387,0.581,0.77,IND,no,Daniel Jones,Daniel Jones,no,NOT_AVAILABLE,4,53.0,IND,Cincinnati,no_college_match,,,,,,,v2.0,2026-09-08
71,30,Michael Wilson,WR,ARI,ACT,WR,2.0,,10232.0,00-0038559,4360761.0,8.73,15.941,139.2,130.8,8.4,13.0,75,nfl_history,27.6,20.2,9.264,6.621,10.918,6.375,7.346,17.0,16.0,13.0,4.54,0.163,2.0,31.0,0.717,53.348,33.0,7.43,0.851,14.6,0.152,0.212,0.697,0.58,ARI,no,Jacoby Brissett,Jacoby Brissett,no,NOT_AVAILABLE,3,94.0,AZ,Stanford,no_college_match,,,,,,,v2.0,2026-09-08
72,28,Ashton Jeanty,RB,LV,ACT,RB,1.0,,12527.0,00-0040122,4890973.0,11.267,12.2,137.5,129.4,8.1,15.1,69,nfl_history,17.0,32.0,13.035,7.511,13.035,,,17.0,,,,0.294,3.0,6.0,2.647,45.353,17.0,9.3,0.825,19.44,0.294,0.529,0.353,0.9,LV,no,Geno Smith,Kirk Cousins,YES,NOT_AVAILABLE,1,6.0,LV,Boise State,matched,2024.0,14.0,195.5,1.786,0.929,29.0,v2.0,2026-09-08
73,29,Aaron Jones,RB,MIN,ACT,RB,1.0,,4199.0,00-0033293,3042519.0,9.649,14.212,137.1,129.4,7.7,11.7,76,nfl_history,22.7,26.1,10.402,7.511,8.642,12.712,11.082,12.0,17.0,11.0,-4.07,0.07,0.0,14.0,3.175,35.5,29.0,5.429,0.563,17.26,0.207,0.483,0.207,0.51,MIN,no,J.J. McCarthy,Kyler Murray,YES,NOT_AVAILABLE,9,182.0,GB,Texas-El Paso,no_college_match,,,,,,,v2.0,2026-09-08
74,31,Rashid Shaheed,WR,SEA,ACT,WR,2.0,,8676.0,00-0037545,4032473.0,9.43,14.671,138.4,130.8,7.6,14.8,70,nfl_history,24.0,22.6,10.25,6.621,9.3,14.75,11.45,18.0,6.0,15.0,-5.45,0.171,6.0,24.0,0.615,40.897,24.0,6.75,0.716,19.955,0.208,0.292,0.5,0.92,NO,YES,Tyler Shough,Sam Darnold,YES,NOT_AVAILABLE,4,,,Weber State,no_college_match,,,,,,,v2.0,2026-09-08
75,32,Jordan Addison,WR,MIN,ACT,WR,2.0,,9756.0,00-0038994,4429205.0,9.223,14.988,138.2,130.8,7.4,9.4,81,nfl_history,24.9,21.9,9.954,6.621,8.364,12.333,11.253,14.0,15.0,17.0,-3.97,0.241,6.0,40.0,1.109,53.326,29.0,8.135,0.882,15.64,0.103,0.345,0.448,0.26,MIN,no,J.J. McCarthy,Kyler Murray,YES,NOT_AVAILABLE,3,23.0,MIN,USC; Pittsburgh,no_college_match,,,,,,,v2.0,2026-09-08
76,33,KaVontae Turpin,WR,DAL,ACT,WR,4.0,,8917.0,00-0037801,3676833.0,8.833,15.624,138.0,130.8,7.2,8.8,86,nfl_history,26.7,20.8,9.413,6.621,11.063,8.368,4.453,15.0,17.0,16.0,2.7,0.056,2.0,16.0,0.438,17.396,32.0,4.974,0.563,13.228,0.094,0.312,0.531,0.2,DAL,no,Dak Prescott,Dak Prescott,no,NOT_AVAILABLE,7,,,TCU,no_college_match,,,,,,,v2.0,2026-09-08
77,11,Dak Prescott,QB,DAL,ACT,QB,1.0,,3294.0,00-0033077,2577417.0,19.415,14.812,287.6,280.5,7.1,27.8,50,nfl_history,24.4,39.6,21.881,15.652,22.34,17.44,24.814,17.0,8.0,17.0,4.9,0.566,9.0,2.0,0.69,65.5,25.0,10.419,0.537,32.164,0.52,0.52,0.36,1.23,DAL,no,,,n/a,NOT_AVAILABLE,10,135.0,DAL,Mississippi State,no_college_match,,,,,,,v2.0,2026-09-08
78,30,Tyrone Tracy Jr.,RB,NYG,ACT,RB,2.0,,11655.0,00-0039384,4360516.0,9.338,14.494,135.4,129.4,6.0,9.0,84,nfl_history,23.5,25.4,9.961,7.511,10.027,9.844,,15.0,17.0,,0.18,0.128,1.0,13.0,1.688,37.469,32.0,6.811,0.729,16.215,0.188,0.406,0.406,0.39,NYG,no,Jaxson Dart,Jaxson Dart,no,NOT_AVAILABLE,2,166.0,NYG,Purdue; Iowa,no_college_match,,,,,,,v2.0,2026-09-08
79,34,Brian Thomas Jr.,WR,JAX,ACT,WR,1.0,,11631.0,00-0039893,4432773.0,9.64,14.141,136.3,130.8,5.5,11.5,77,nfl_history,22.5,23.7,10.58,6.621,8.2,14.5,,14.0,17.0,,-6.3,0.133,2.0,29.0,0.839,50.387,31.0,6.972,0.723,19.3,0.194,0.387,0.452,0.77,JAX,no,Trevor Lawrence,Trevor Lawrence,no,NOT_AVAILABLE,2,23.0,JAX,LSU,no_college_match,,,,,,,v2.0,2026-09-08
80,35,Jauan Jennings,WR,MIN,ACT,WR,3.0,,7049.0,00-0036259,3886598.0,8.958,15.059,134.9,130.8,4.1,9.4,81,nfl_history,25.1,21.8,9.61,6.621,9.787,11.467,3.231,15.0,15.0,13.0,-1.68,0.06,1.0,25.0,0.907,42.907,30.0,8.163,0.911,16.64,0.167,0.367,0.5,0.68,SF,YES,Mac Jones,Kyler Murray,YES,NOT_AVAILABLE,6,217.0,SF,Tennessee,no_college_match,,,,,,,v2.0,2026-09-08
81,36,Mike Evans,WR,SF,ACT,WR,1.0,,2216.0,00-0031408,16737.0,10.628,12.694,134.9,130.8,4.1,16.8,64,nfl_history,18.4,27.6,12.152,6.621,8.85,14.743,14.588,8.0,14.0,17.0,-5.89,0.19,3.0,40.0,1.051,48.487,22.0,8.415,0.792,20.685,0.318,0.364,0.364,1.62,TB,YES,Baker Mayfield,Brock Purdy,YES,NOT_AVAILABLE,12,7.0,TB,Texas A&M,no_college_match,,,,,,,v2.0,2026-09-08
82,37,Quentin Johnston,WR,LAC,ACT,WR,2.0,,9754.0,00-0038544,4429025.0,9.196,14.635,134.6,130.8,3.8,11.5,77,nfl_history,23.9,22.7,9.95,6.621,11.362,10.013,4.412,13.0,15.0,17.0,1.35,0.146,2.0,30.0,0.778,46.422,28.0,7.31,0.795,19.59,0.214,0.357,0.393,0.98,LAC,no,Justin Herbert,Justin Herbert,no,NOT_AVAILABLE,3,21.0,LAC,TCU,no_college_match,,,,,,,v2.0,2026-09-08
83,12,Caleb Williams,QB,CHI,ACT,QB,1.0,,11560.0,00-0039918,4431611.0,18.467,15.2,280.7,280.5,0.2,8.1,88,nfl_history,25.5,38.6,20.233,15.652,21.687,17.326,,17.0,17.0,,4.36,0.294,5.0,5.0,0.941,66.647,34.0,10.566,0.572,28.727,0.412,0.412,0.471,0.47,CHI,no,,,n/a,NOT_AVAILABLE,2,1.0,CHI,USC; Oklahoma,matched,2025.0,4.0,2.25,0.0,0.0,0.0,v2.0,2026-09-08
84,38,Carnell Tate,WR,TEN,ACT,WR,1.0,,13279.0,00-0041438,4871023.0,8.565,15.286,130.9,130.8,0.1,0.1,98,draft_capital+college,0.0,53.8,,6.636,,,,,,,,,,,,,,,,,,,,0.0,,no_2025_team,,Cam Ward,unknown,NOT_AVAILABLE,0,4.0,TEN,Ohio State,matched,2025.0,11.0,76.273,1.182,0.727,6.0,v2.0,2026-09-08
85,5,Kyle Pitts,TE,ATL,ACT,TE,1.0,,7553.0,00-0036970,4360248.0,7.762,16.4,127.3,127.3,0.0,8.2,87,nfl_history,28.9,17.2,8.454,4.432,9.871,6.394,6.518,17.0,17.0,17.0,3.48,0.052,1.0,26.0,0.608,46.98,34.0,7.854,1.012,12.305,0.206,0.441,0.471,1.08,ATL,no,Michael Penix Jr.,Tua Tagovailoa,YES,NOT_AVAILABLE,5,4.0,ATL,Florida,no_college_match,,,,,,,v2.0,2026-09-08
86,39,Garrett Wilson,WR,NYJ,ACT,WR,1.0,,8146.0,00-0037740,4569618.0,10.165,12.871,130.8,130.8,0.0,9.0,84,nfl_history,18.9,27.0,11.478,6.621,11.5,12.082,9.924,7.0,17.0,17.0,-0.58,0.138,1.0,31.0,1.195,58.927,24.0,6.898,0.679,19.22,0.25,0.458,0.375,1.15,NYJ,no,Justin Fields,Geno Smith,YES,NOT_AVAILABLE,4,10.0,NYJ,Ohio State,no_college_match,,,,,,,v2.0,2026-09-08
87,13,Drake Maye,QB,NE,ACT,QB,1.0,,11564.0,00-0039851,4431452.0,19.354,14.494,280.5,280.5,0.0,9.3,83,nfl_history,23.5,40.5,21.874,15.652,24.204,15.78,,17.0,13.0,,8.42,0.149,3.0,5.0,0.9,57.7,30.0,8.711,0.45,27.532,0.433,0.433,0.2,0.55,NE,no,,,n/a,NOT_AVAILABLE,2,3.0,NE,North Carolina,no_college_match,,,,,,,v2.0,2026-09-08
88,31,TreVeyon Henderson,RB,NE,ACT,RB,2.0,,12529.0,00-0040734,4432710.0,10.609,12.2,129.4,129.4,0.0,5.1,93,nfl_history,17.0,32.0,12.068,7.511,12.068,,,17.0,,,,0.353,4.0,6.0,2.353,29.471,17.0,9.813,0.925,24.8,0.235,0.412,0.294,0.66,NE,no,Drake Maye,Drake Maye,no,NOT_AVAILABLE,1,38.0,NE,Ohio State,matched,2024.0,16.0,76.5,0.875,0.188,10.0,v2.0,2026-09-08
89,32,J.K. Dobbins,RB,DEN,ACT,RB,1.0,,6806.0,00-0036158,4241985.0,10.689,12.094,129.3,129.4,-0.1,7.2,90,nfl_history,16.7,32.4,12.212,7.511,11.24,13.754,10.7,10.0,13.0,1.0,-2.51,0.21,1.0,11.0,2.417,37.625,23.0,5.523,0.517,18.04,0.304,0.565,0.087,0.94,DEN,no,Bo Nix,Bo Nix,no,NOT_AVAILABLE,6,55.0,BAL,Ohio State,no_college_match,,,,,,,v2.0,2026-09-08
90,40,Parker Washington,WR,JAX,ACT,WR,2.0,,9487.0,00-0038606,4432620.0,8.775,14.882,130.6,130.8,-0.2,6.3,91,nfl_history,24.6,22.2,9.389,6.621,11.031,6.664,4.881,16.0,14.0,8.0,4.37,0.102,0.0,23.0,0.763,37.895,30.0,6.782,0.773,16.5,0.2,0.3,0.633,0.83,JAX,no,Trevor Lawrence,Trevor Lawrence,no,NOT_AVAILABLE,3,185.0,JAX,Penn State,no_college_match,,,,,,,v2.0,2026-09-08
91,41,Khalil Shakir,WR,BUF,ACT,WR,2.0,,8134.0,00-0037261,4373678.0,8.299,15.624,129.7,130.8,-1.1,-1.5,100,nfl_history,26.7,20.8,8.739,6.621,8.725,9.767,6.397,16.0,15.0,16.0,-1.04,0.191,4.0,26.0,0.617,38.681,31.0,5.294,0.638,15.475,0.065,0.29,0.419,-0.05,BUF,no,Josh Allen,Josh Allen,no,NOT_AVAILABLE,4,148.0,BUF,Boise State,no_college_match,,,,,,,v2.0,2026-09-08
92,33,RJ Harvey,RB,DEN,ACT,RB,2.0,,12489.0,00-0040730,4568490.0,10.473,12.2,127.8,129.4,-1.6,7.8,89,nfl_history,17.0,32.0,11.868,7.511,11.868,,,17.0,,,,0.059,1.0,5.0,2.353,28.294,17.0,7.257,0.693,19.94,0.412,0.412,0.353,1.21,DEN,no,Bo Nix,Bo Nix,no,NOT_AVAILABLE,1,60.0,DEN,UCF; Virginia,matched,2024.0,12.0,151.5,1.833,0.417,23.0,v2.0,2026-09-08
93,42,Romeo Doubs,WR,NE,ACT,WR,2.0,,8121.0,00-0037816,4361432.0,8.245,15.341,126.5,130.8,-4.3,-2.3,101,nfl_history,25.9,21.3,8.685,6.621,8.85,8.392,8.465,16.0,13.0,17.0,0.46,0.0,0.0,27.0,1.043,49.674,29.0,5.833,0.707,13.3,0.103,0.207,0.655,0.26,GB,YES,Jordan Love,Drake Maye,YES,NOT_AVAILABLE,4,132.0,GB,Nevada,no_college_match,,,,,,,v2.0,2026-09-08
94,43,Chimere Dike,WR,TEN,ACT,WR,4.0,,12540.0,00-0040705,4431268.0,10.281,12.2,125.4,130.8,-5.4,5.2,92,nfl_history,17.0,29.2,11.788,6.621,11.788,,,17.0,,,,0.0,0.0,6.0,0.941,37.118,17.0,7.112,0.692,19.41,0.294,0.353,0.412,1.35,TEN,no,Cam Ward,Cam Ward,no,NOT_AVAILABLE,1,103.0,TEN,Florida; Wisconsin,matched,2024.0,13.0,60.231,1.385,0.231,2.0,v2.0,2026-09-08
95,34,James Conner,RB,ARI,RES,RB,4.0,,4137.0,00-0033553,3045147.0,11.27,11.0,124.0,129.4,-5.4,3.2,95,nfl_history,13.6,37.0,13.482,7.511,9.433,14.581,14.769,3.0,16.0,13.0,-5.15,0.279,0.0,23.0,3.406,38.906,19.0,7.531,0.668,19.38,0.368,0.632,0.211,1.11,ARI,no,Jacoby Brissett,Jacoby Brissett,no,NOT_AVAILABLE,9,105.0,PIT,Pittsburgh,no_college_match,,,,,,,v2.0,2026-09-08
96,6,Dallas Goedert,TE,PHI,ACT,TE,1.0,,5022.0,00-0034351,3121023.0,8.509,14.247,121.2,127.3,-6.1,4.4,94,nfl_history,22.8,20.8,9.582,4.432,10.407,8.16,7.7,15.0,10.0,14.0,2.25,0.075,0.0,19.0,0.897,52.359,25.0,6.245,0.734,16.86,0.24,0.44,0.32,1.37,PHI,no,Jalen Hurts,Jalen Hurts,no,NOT_AVAILABLE,8,49.0,PHI,South Dakota State,no_college_match,,,,,,,v2.0,2026-09-08
97,14,Jordan Love,QB,GB,ACT,QB,1.0,,6804.0,00-0036264,4036378.0,17.884,15.341,274.4,280.5,-6.1,-0.2,99,nfl_history,25.9,38.2,19.262,15.652,18.743,18.924,22.298,15.0,15.0,17.0,-0.18,0.286,6.0,6.0,0.574,60.532,30.0,9.766,0.546,31.173,0.4,0.4,0.4,0.35,GB,no,,,n/a,NOT_AVAILABLE,6,26.0,GB,Utah State,no_college_match,,,,,,,v2.0,2026-09-08
98,44,Rashee Rice,WR,KC,ACT,WR,1.0,,10229.0,00-0039067,4428331.0,11.47,10.859,124.6,130.8,-6.2,11.2,79,nfl_history,13.2,34.7,14.042,6.621,15.325,13.975,10.875,8.0,4.0,16.0,1.35,0.22,1.0,22.0,1.643,42.571,12.0,7.904,0.689,22.15,0.5,0.667,0.333,2.22,KC,no,Patrick Mahomes,Patrick Mahomes,no,NOT_AVAILABLE,3,55.0,KC,SMU,no_college_match,,,,,,,v2.0,2026-09-08
99,45,Marvin Mims Jr.,WR,DEN,ACT,WR,4.0,,9494.0,00-0038976,4686472.0,7.903,15.624,123.5,130.8,-7.3,-4.2,104,nfl_history,26.7,20.8,8.239,6.621,8.6,8.418,6.072,15.0,17.0,16.0,0.18,0.09,3.0,19.0,0.292,22.083,32.0,6.399,0.81,14.565,0.125,0.219,0.688,0.39,DEN,no,Bo Nix,Bo Nix,no,NOT_AVAILABLE,3,63.0,DEN,Oklahoma,no_college_match,,,,,,,v2.0,2026-09-08
100,46,Jordyn Tyson,WR,NO,RES,WR,5.0,,13281.0,00-0041029,4880281.0,8.07,15.286,123.4,130.8,-7.4,-7.4,108,draft_capital+college,0.0,53.8,,6.636,,,,,,,,,,,,,,,,,,,,0.0,,no_2025_team,,Tyler Shough,unknown,NOT_AVAILABLE,0,8.0,NO,Arizona State; Colorado,matched,2025.0,9.0,78.333,0.889,0.222,9.0,v2.0,2026-09-08
101,7,Hunter Henry,TE,NE,ACT,TE,1.0,,3214.0,00-0033090,3046439.0,7.52,15.941,119.9,127.3,-7.4,-2.3,101,nfl_history,27.6,17.9,8.191,4.432,8.812,7.088,7.531,17.0,16.0,13.0,1.72,0.054,0.0,17.0,1.0,50.478,33.0,5.71,0.759,12.42,0.152,0.394,0.455,0.67,NE,no,Drake Maye,Drake Maye,no,NOT_AVAILABLE,10,35.0,SD,Arkansas,no_college_match,,,,,,,v2.0,2026-09-08
102,47,Jerry Jeudy,WR,CLE,ACT,WR,1.0,,6783.0,00-0036407,4241463.0,7.472,16.329,122.0,130.8,-8.8,-7.6,109,nfl_history,28.7,19.6,7.68,6.621,5.688,11.876,7.113,17.0,17.0,16.0,-6.19,0.139,3.0,29.0,0.74,52.88,34.0,7.824,1.047,15.435,0.088,0.235,0.588,0.15,CLE,no,Shedeur Sanders,Deshaun Watson,YES,NOT_AVAILABLE,6,15.0,DEN,Alabama,no_college_match,,,,,,,v2.0,2026-09-08
103,48,Josh Downs,WR,IND,ACT,WR,2.0,,9500.0,00-0038997,4688813.0,7.839,15.518,121.6,130.8,-9.2,-5.5,105,nfl_history,26.4,21.0,8.162,6.621,6.925,11.254,7.615,16.0,14.0,17.0,-4.33,0.053,2.0,24.0,0.83,42.213,30.0,5.822,0.743,14.208,0.133,0.333,0.533,0.47,IND,no,Daniel Jones,Daniel Jones,no,NOT_AVAILABLE,3,79.0,IND,North Carolina,no_college_match,,,,,,,v2.0,2026-09-08
104,8,Sam LaPorta,TE,DET,ACT,TE,1.0,,10859.0,00-0039065,4430027.0,8.616,13.4,115.4,127.3,-11.9,1.2,97,nfl_history,20.4,22.7,9.846,4.432,9.767,9.162,11.665,9.0,16.0,17.0,0.6,0.118,3.0,25.0,1.048,57.333,25.0,5.232,0.607,14.62,0.36,0.52,0.36,1.72,DET,no,Jared Goff,Jared Goff,no,NOT_AVAILABLE,3,34.0,DET,Iowa,no_college_match,,,,,,,v2.0,2026-09-08
105,15,Sam Darnold,QB,SEA,ACT,QB,1.0,,4943.0,00-0034869,3912547.0,16.837,15.906,267.8,280.5,-12.7,3.1,96,nfl_history,27.5,36.8,17.526,15.652,16.848,22.409,2.538,17.0,17.0,10.0,-5.56,0.345,8.0,1.0,0.318,51.5,34.0,11.038,0.656,28.72,0.5,0.5,0.412,0.94,SEA,no,,,n/a,NOT_AVAILABLE,8,3.0,NYJ,USC,no_college_match,,,,,,,v2.0,2026-09-08
106,9,Jake Ferguson,TE,DAL,ACT,TE,1.0,,8110.0,00-0038041,4242355.0,7.11,15.871,112.8,127.3,-14.5,-7.2,107,nfl_history,27.4,18.0,7.696,4.432,8.594,5.207,8.329,17.0,14.0,17.0,3.39,0.0,0.0,16.0,1.167,47.542,31.0,5.188,0.73,12.4,0.194,0.387,0.516,0.95,DAL,no,Dak Prescott,Dak Prescott,no,NOT_AVAILABLE,4,129.0,DAL,Wisconsin,no_college_match,,,,,,,v2.0,2026-09-08
107,49,Marvin Harrison Jr.,WR,ARI,ACT,WR,1.0,,11628.0,00-0039849,4432708.0,8.651,13.435,116.2,130.8,-14.6,-10.4,113,nfl_history,20.5,25.5,9.344,6.621,8.942,9.912,,12.0,17.0,,-0.97,0.073,1.0,23.0,0.862,49.345,29.0,7.029,0.813,15.46,0.138,0.379,0.517,0.53,ARI,no,Jacoby Brissett,Jacoby Brissett,no,NOT_AVAILABLE,2,4.0,AZ,Ohio State,no_college_match,,,,,,,v2.0,2026-09-08
108,50,Tre Tucker,WR,LV,ACT,WR,1.0,,10213.0,00-0038563,4428718.0,7.202,16.118,116.1,130.8,-14.7,-15.7,125,nfl_history,28.1,19.9,7.347,6.621,8.165,6.494,4.792,17.0,17.0,13.0,1.67,0.089,2.0,22.0,0.511,47.319,34.0,7.357,1.021,12.9,0.059,0.176,0.765,-0.13,LV,no,Geno Smith,Kirk Cousins,YES,NOT_AVAILABLE,3,100.0,LV,Cincinnati,no_college_match,,,,,,,v2.0,2026-09-08
109,10,Kenyon Sadiq,TE,NYJ,ACT,TE,2.0,,13330.0,00-0041032,5083315.0,7.026,16.0,112.4,127.3,-14.9,-14.9,119,draft_capital+college,0.0,50.0,,4.411,,,,,,,,,,,,,,,,,,,,0.0,,no_2025_team,,Geno Smith,unknown,NOT_AVAILABLE,0,16.0,NYJ,Oregon,matched,2025.0,14.0,36.714,0.786,0.0,0.0,v2.0,2026-09-08
110,35,Jadarian Price,RB,SEA,ACT,RB,1.0,,13286.0,00-0041512,4685512.0,8.458,13.473,114.0,129.4,-15.4,-15.4,121,draft_capital+college,0.0,57.1,,7.455,,,,,,,,,,,,,,,,,,,,0.0,,no_2025_team,,Sam Darnold,unknown,NOT_AVAILABLE,0,32.0,SEA,Notre Dame,matched,2025.0,12.0,58.583,0.667,0.083,8.0,v2.0,2026-09-08
111,11,Mark Andrews,TE,BAL,ACT,TE,1.0,,5012.0,00-0034753,3116365.0,7.034,15.906,111.9,127.3,-15.4,-5.9,106,nfl_history,27.5,17.9,7.601,4.432,6.235,9.488,11.19,17.0,17.0,10.0,-3.25,0.0,0.0,18.0,1.136,40.432,34.0,6.208,0.883,14.27,0.235,0.441,0.5,1.24,BAL,no,Lamar Jackson,Lamar Jackson,no,NOT_AVAILABLE,8,86.0,BAL,Oklahoma,no_college_match,,,,,,,v2.0,2026-09-08
112,51,Malik Nabers,WR,NYG,ACT,WR,1.0,,11632.0,00-0039337,4595348.0,11.243,10.259,115.3,130.8,-15.5,-3.3,103,nfl_history,11.5,37.8,14.057,6.621,12.525,14.873,,4.0,15.0,,-2.35,0.391,3.0,21.0,1.158,58.0,19.0,9.483,0.843,24.35,0.316,0.368,0.263,1.56,NYG,no,Jaxson Dart,Jaxson Dart,no,NOT_AVAILABLE,2,6.0,NYG,LSU,no_college_match,,,,,,,v2.0,2026-09-08
113,52,Tetairoa McMillan,WR,CAR,ACT,WR,1.0,,12526.0,00-0040124,4685472.0,9.406,12.2,114.8,130.8,-16.0,-13.3,115,nfl_history,17.0,29.2,10.553,6.621,10.553,,,17.0,,,,0.176,1.0,17.0,0.882,54.412,17.0,6.569,0.698,15.38,0.118,0.294,0.412,0.35,CAR,no,Bryce Young,Bryce Young,no,NOT_AVAILABLE,1,8.0,CAR,Arizona,matched,2024.0,12.0,109.917,1.583,0.417,8.0,v2.0,2026-09-08
114,53,Makai Lemon,WR,PHI,ACT,WR,3.0,,13294.0,00-0040867,4870795.0,8.021,14.226,114.1,130.8,-16.7,-16.7,127,draft_capital+college,0.0,53.8,,6.636,,,,,,,,,,,,,,,,,,,,0.0,,no_2025_team,,Jalen Hurts,unknown,NOT_AVAILABLE,0,20.0,PHI,USC,matched,2025.0,12.0,93.75,1.583,0.417,1.0,v2.0,2026-09-08
115,36,Jordan Mason,RB,MIN,ACT,RB,2.0,,8408.0,00-0037525,4360569.0,7.64,14.741,112.6,129.4,-16.8,-15.2,120,nfl_history,24.2,24.8,7.682,7.511,7.556,9.329,4.109,16.0,12.0,11.0,-1.77,0.103,0.0,15.0,1.846,22.821,28.0,6.747,0.883,11.675,0.143,0.286,0.464,0.21,MIN,no,J.J. McCarthy,Kyler Murray,YES,NOT_AVAILABLE,4,,,Georgia Tech,no_college_match,,,,,,,v2.0,2026-09-08
116,37,Brian Robinson,RB,ATL,ACT,RB,2.0,,8154.0,00-0037746,4241474.0,7.154,15.729,112.5,129.4,-16.9,-15.5,122,nfl_history,27.0,22.9,7.049,7.511,4.553,10.986,12.007,17.0,14.0,15.0,-6.43,0.089,2.0,17.0,2.087,25.891,31.0,5.627,0.787,13.75,0.129,0.355,0.581,0.18,SF,YES,Mac Jones,Tua Tagovailoa,YES,NOT_AVAILABLE,4,98.0,WAS,Alabama,no_college_match,,,,,,,v2.0,2026-09-08
117,12,Juwan Johnson,TE,NO,ACT,TE,1.0,,7002.0,00-0036040,3929645.0,7.002,15.765,110.4,127.3,-16.9,-10.2,112,nfl_history,27.1,18.1,7.57,4.432,8.318,6.387,6.1,17.0,15.0,13.0,1.93,0.0,0.0,26.0,0.533,45.556,32.0,3.904,0.558,11.535,0.188,0.406,0.438,0.88,NO,no,Tyler Shough,Tyler Shough,no,NOT_AVAILABLE,6,,,Oregon; Penn State,no_college_match,,,,,,,v2.0,2026-09-08
118,54,Christian Watson,WR,GB,ACT,WR,1.0,,8167.0,00-0038124,4248528.0,8.861,12.835,113.7,130.8,-17.1,-9.9,111,nfl_history,18.8,27.1,9.695,6.621,11.79,6.7,9.7,10.0,14.0,9.0,5.09,0.239,3.0,28.0,0.939,41.758,24.0,6.92,0.781,17.685,0.208,0.25,0.667,0.92,GB,no,Jordan Love,Jordan Love,no,NOT_AVAILABLE,4,34.0,GB,North Dakota State,no_college_match,,,,,,,v2.0,2026-09-08
119,38,Tyler Allgeier,RB,ARI,ACT,RB,2.0,,8132.0,00-0037263,4373626.0,6.839,16.4,112.2,129.4,-17.2,-18.4,129,nfl_history,28.9,21.7,6.653,7.511,6.824,5.924,7.624,17.0,17.0,17.0,0.9,0.024,1.0,11.0,1.961,19.118,34.0,4.942,0.723,11.16,0.059,0.176,0.529,-0.15,ATL,YES,Michael Penix Jr.,Jacoby Brissett,YES,NOT_AVAILABLE,4,151.0,ATL,BYU,no_college_match,,,,,,,v2.0,2026-09-08
120,39,Devin Singletary,RB,NYG,ACT,RB,4.0,,6130.0,00-0035250,4040761.0,6.985,16.047,112.1,129.4,-17.3,-17.3,128,nfl_history,27.9,22.3,6.834,7.511,6.791,5.74,9.461,17.0,15.0,17.0,1.05,0.022,0.0,12.0,1.49,26.939,32.0,5.423,0.776,12.44,0.094,0.25,0.625,0.0,NYG,no,Jaxson Dart,Jaxson Dart,no,NOT_AVAILABLE,7,74.0,BUF,Florida Atlantic,no_college_match,,,,,,,v2.0,2026-09-08
121,55,Rome Odunze,WR,CHI,ACT,WR,1.0,,11620.0,00-0039919,4431299.0,8.433,13.435,113.3,130.8,-17.5,-13.3,115,nfl_history,20.5,25.5,9.051,6.621,10.508,6.994,,12.0,17.0,,3.51,0.146,0.0,21.0,1.034,58.172,29.0,7.08,0.84,15.7,0.138,0.31,0.655,0.53,CHI,no,Caleb Williams,Caleb Williams,no,NOT_AVAILABLE,2,9.0,CHI,Washington,no_college_match,,,,,,,v2.0,2026-09-08
122,13,Dalton Schultz,TE,HOU,ACT,TE,1.0,,5001.0,00-0034383,3117256.0,6.74,16.259,109.6,127.3,-17.7,-16.6,126,nfl_history,28.5,17.4,7.226,4.432,7.982,5.394,8.133,17.0,17.0,15.0,2.59,0.007,0.0,17.0,0.714,49.612,34.0,4.325,0.642,12.05,0.059,0.324,0.618,0.15,HOU,no,C.J. Stroud,C.J. Stroud,no,NOT_AVAILABLE,8,137.0,DAL,Stanford,no_college_match,,,,,,,v2.0,2026-09-08
123,56,Cooper Kupp,WR,SEA,ACT,WR,3.0,,4039.0,00-0033908,2977187.0,7.623,14.812,112.9,130.8,-17.9,-15.5,122,nfl_history,24.4,22.3,7.911,6.621,5.8,12.042,11.658,16.0,12.0,12.0,-6.24,0.123,2.0,28.0,1.15,52.875,28.0,7.094,0.931,14.93,0.107,0.214,0.643,0.3,SEA,no,Sam Darnold,Sam Darnold,no,NOT_AVAILABLE,9,69.0,LAR,Eastern Washington,no_college_match,,,,,,,v2.0,2026-09-08
124,14,Tucker Kraft,TE,GB,ACT,TE,1.0,,9484.0,00-0038996,4572680.0,8.381,13.012,109.1,127.3,-18.2,-10.5,114,nfl_history,19.3,23.7,9.609,4.432,12.9,8.194,4.5,8.0,17.0,14.0,4.71,0.13,1.0,22.0,0.923,50.256,25.0,7.363,0.878,14.7,0.2,0.36,0.36,1.01,GB,no,Jordan Love,Jordan Love,no,NOT_AVAILABLE,3,78.0,GB,South Dakota State,no_college_match,,,,,,,v2.0,2026-09-08
125,40,Quinshon Judkins,RB,CLE,ACT,RB,1.0,,12512.0,00-0040784,4685702.0,9.949,11.141,110.8,129.4,-18.6,-14.4,118,nfl_history,14.0,36.4,11.343,7.511,11.343,,,14.0,,,,0.143,1.0,5.0,2.429,32.286,14.0,7.049,0.708,16.84,0.214,0.429,0.357,0.54,CLE,no,Shedeur Sanders,Deshaun Watson,YES,NOT_AVAILABLE,1,36.0,CLE,Ohio State; Mississippi,matched,2024.0,16.0,81.875,0.562,0.188,14.0,v2.0,2026-09-08
126,57,Malik Washington,WR,MIA,ACT,WR,1.0,,11610.0,00-0039880,4569603.0,7.622,14.671,111.8,130.8,-19.0,-26.0,141,nfl_history,24.0,22.6,7.915,6.621,9.115,5.0,,17.0,14.0,,4.11,0.0,0.0,4.0,0.548,31.484,31.0,4.575,0.6,12.45,0.0,0.226,0.677,-0.89,MIA,no,Tua Tagovailoa,Malik Willis,YES,NOT_AVAILABLE,2,184.0,MIA,Virginia; Northwestern,matched,2025.0,11.0,33.273,0.545,0.091,3.0,v2.0,2026-09-08
127,58,Emeka Egbuka,WR,TB,ACT,WR,1.0,,12514.0,00-0040129,4567750.0,8.939,12.2,109.1,130.8,-21.7,-13.5,117,nfl_history,17.0,29.2,9.894,6.621,9.894,,,17.0,,,,0.235,1.0,20.0,0.941,52.118,17.0,8.141,0.911,20.94,0.235,0.235,0.706,1.04,TB,no,Baker Mayfield,Baker Mayfield,no,NOT_AVAILABLE,1,19.0,TB,Ohio State,matched,2024.0,16.0,60.188,0.812,0.188,0.0,v2.0,2026-09-08
128,41,Tyjae Spears,RB,TEN,ACT,RB,2.0,,9508.0,00-0039032,4428557.0,7.602,14.106,107.2,129.4,-22.2,-21.3,133,nfl_history,22.4,26.3,7.634,7.511,6.862,8.958,8.253,13.0,12.0,17.0,-2.1,0.0,0.0,15.0,1.167,29.81,25.0,6.492,0.854,12.82,0.12,0.24,0.56,0.12,TEN,no,Cam Ward,Cam Ward,no,NOT_AVAILABLE,3,81.0,TEN,Tulane,no_college_match,,,,,,,v2.0,2026-09-08
129,59,Jayden Reed,WR,GB,ACT,WR,2.0,,10222.0,00-0039146,4362249.0,8.974,12.094,108.5,130.8,-22.3,-18.4,129,nfl_history,16.7,29.5,9.96,6.621,8.01,10.412,11.806,5.0,17.0,16.0,-2.4,0.132,1.0,38.0,1.053,37.342,22.0,7.665,0.854,14.835,0.136,0.227,0.591,0.5,GB,no,Jordan Love,Jordan Love,no,NOT_AVAILABLE,3,50.0,GB,Michigan State; Western Michigan,no_college_match,,,,,,,v2.0,2026-09-08
130,16,Brock Purdy,QB,SF,ACT,QB,1.0,,8183.0,00-0037834,4361741.0,19.52,13.153,256.7,280.5,-23.8,-8.0,110,nfl_history,19.7,44.8,22.661,15.652,24.264,20.657,22.85,9.0,15.0,16.0,3.61,0.401,9.0,1.0,0.725,61.4,24.0,11.237,0.576,32.011,0.5,0.5,0.25,0.94,SF,no,,,n/a,NOT_AVAILABLE,4,262.0,SF,Iowa State,no_college_match,,,,,,,v2.0,2026-09-08
131,60,Chris Godwin Jr.,WR,TB,ACT,WR,2.0,,4037.0,00-0033921,3116165.0,8.991,11.812,106.2,130.8,-24.6,-15.6,124,nfl_history,15.9,30.6,10.034,6.621,7.5,16.543,10.041,9.0,7.0,17.0,-9.04,0.226,3.0,26.0,1.0,52.091,16.0,8.496,0.945,20.55,0.25,0.375,0.375,1.15,TB,no,Baker Mayfield,Baker Mayfield,no,NOT_AVAILABLE,9,84.0,TB,Penn State,no_college_match,,,,,,,v2.0,2026-09-08
132,17,Joe Burrow,QB,CIN,ACT,QB,1.0,,6770.0,00-0036442,3915511.0,20.088,12.729,255.7,280.5,-24.8,10.4,80,nfl_history,18.5,46.4,23.924,15.652,21.308,27.754,18.116,8.0,17.0,10.0,-6.45,0.676,12.0,2.0,0.286,63.2,25.0,11.909,0.593,38.832,0.72,0.72,0.24,2.09,CIN,no,,,n/a,NOT_AVAILABLE,6,1.0,CIN,LSU; Ohio State,no_college_match,,,,,,,v2.0,2026-09-08
133,18,C.J. Stroud,QB,HOU,ACT,QB,1.0,,9758.0,00-0039163,4432577.0,16.785,15.2,255.1,280.5,-25.4,-33.0,157,nfl_history,25.5,38.6,17.495,15.652,17.824,15.375,21.968,14.0,17.0,15.0,2.45,0.349,10.0,3.0,0.587,62.413,31.0,7.558,0.45,23.02,0.226,0.226,0.452,-0.45,HOU,no,,,n/a,NOT_AVAILABLE,3,2.0,HOU,Ohio State,no_college_match,,,,,,,v2.0,2026-09-08
134,61,Calvin Ridley,WR,TEN,ACT,WR,3.0,,4981.0,00-0034837,3925357.0,8.124,12.871,104.6,130.8,-26.2,-20.9,132,nfl_history,18.9,27.0,8.681,6.621,5.686,10.012,11.524,7.0,17.0,17.0,-4.33,0.185,3.0,43.0,1.0,51.976,24.0,6.673,0.821,16.015,0.167,0.25,0.625,0.68,TEN,no,Cam Ward,Cam Ward,no,NOT_AVAILABLE,8,26.0,ATL,Alabama,no_college_match,,,,,,,v2.0,2026-09-08
135,42,Ray Davis,RB,BUF,ACT,RB,2.0,,11575.0,00-0039875,4429501.0,6.726,15.2,102.2,129.4,-27.2,-29.8,150,nfl_history,25.5,23.9,6.479,7.511,6.309,6.821,,17.0,17.0,,-0.51,0.059,1.0,6.0,0.971,12.706,34.0,6.188,0.92,13.262,0.029,0.235,0.588,-0.34,BUF,no,Josh Allen,Josh Allen,no,NOT_AVAILABLE,2,128.0,BUF,Kentucky; Vanderbilt; Temple,no_college_match,,,,,,,v2.0,2026-09-08
136,62,Xavier Worthy,WR,KC,ACT,WR,2.0,,11624.0,00-0039894,4683062.0,7.4,13.965,103.3,130.8,-27.5,-27.4,142,nfl_history,22.0,24.1,7.648,6.621,6.35,9.919,,14.0,16.0,,-3.57,0.023,1.0,16.0,1.067,46.7,30.0,5.705,0.771,15.45,0.067,0.233,0.633,0.01,KC,no,Patrick Mahomes,Patrick Mahomes,no,NOT_AVAILABLE,2,28.0,KC,Texas,no_college_match,,,,,,,v2.0,2026-09-08
137,43,Najee Harris,RB,NYG,ACT,RB,3.0,,7528.0,00-0036893,4241457.0,8.794,11.459,100.8,129.4,-28.6,-28.4,146,nfl_history,14.9,34.9,9.483,7.511,3.367,11.153,10.706,3.0,17.0,17.0,-7.79,0.128,0.0,22.0,2.811,31.919,20.0,5.629,0.64,15.84,0.1,0.5,0.25,0.03,LAC,YES,Justin Herbert,Jaxson Dart,YES,NOT_AVAILABLE,5,24.0,PIT,Alabama,no_college_match,,,,,,,v2.0,2026-09-08
138,63,Troy Franklin,WR,DEN,ACT,WR,3.0,,11627.0,00-0039868,4431280.0,6.797,15.024,102.1,130.8,-28.7,-27.4,142,nfl_history,25.0,21.9,6.846,6.621,8.506,3.319,,17.0,16.0,,5.19,0.0,0.0,14.0,0.879,32.0,33.0,5.883,0.866,10.76,0.091,0.152,0.788,0.17,DEN,no,Bo Nix,Bo Nix,no,NOT_AVAILABLE,2,102.0,DEN,Oregon,no_college_match,,,,,,,v2.0,2026-09-08
139,44,Omarion Hampton,RB,LAC,ACT,RB,1.0,,12507.0,00-0040666,4685382.0,10.723,9.376,100.5,129.4,-28.9,-20.7,131,nfl_history,9.0,47.1,13.578,7.511,13.578,,,9.0,,,,0.222,1.0,4.0,3.111,42.667,9.0,7.743,0.722,21.12,0.333,0.556,0.222,1.05,LAC,no,Justin Herbert,Justin Herbert,no,NOT_AVAILABLE,1,22.0,LAC,North Carolina,matched,2024.0,12.0,172.167,1.667,0.667,15.0,v2.0,2026-09-08
140,15,Dalton Kincaid,TE,BUF,ACT,TE,1.0,,10236.0,00-0038933,4385690.0,7.07,13.859,98.0,127.3,-29.3,-21.6,135,nfl_history,21.7,21.7,7.8,4.432,8.967,5.985,7.113,12.0,13.0,16.0,2.98,0.092,0.0,23.0,0.683,35.902,25.0,4.778,0.676,11.92,0.2,0.28,0.44,1.01,BUF,no,Josh Allen,Josh Allen,no,NOT_AVAILABLE,3,25.0,BUF,Utah; Univ of California-San Diego,no_college_match,,,,,,,v2.0,2026-09-08
141,45,Cam Skattebo,RB,NYG,ACT,RB,1.0,,12481.0,00-0040715,4696981.0,10.987,9.024,99.1,129.4,-30.3,-21.3,133,nfl_history,8.0,50.0,14.462,7.511,14.462,,,8.0,,,,0.0,0.0,2.0,3.5,36.875,8.0,8.381,0.763,20.89,0.375,0.625,0.125,1.16,NYG,no,Jaxson Dart,Jaxson Dart,no,NOT_AVAILABLE,1,105.0,NYG,Arizona State; Sacramento State,no_college_match,,,,,,,v2.0,2026-09-08
142,16,Pat Freiermuth,TE,PIT,ACT,TE,1.0,,7600.0,00-0036894,4361411.0,6.355,15.271,97.0,127.3,-30.3,-24.6,139,nfl_history,25.7,18.9,6.804,4.432,6.34,7.929,5.618,15.0,17.0,11.0,-1.59,0.086,1.0,16.0,0.698,39.605,32.0,5.618,0.884,10.935,0.156,0.281,0.469,0.75,PIT,no,Aaron Rodgers,Aaron Rodgers,no,NOT_AVAILABLE,5,55.0,PIT,Penn State,no_college_match,,,,,,,v2.0,2026-09-08
143,46,Blake Corum,RB,LA,ACT,RB,2.0,,11586.0,00-0039738,4429096.0,6.757,14.671,99.1,129.4,-30.3,-32.6,156,nfl_history,24.0,25.0,6.506,7.511,8.029,2.807,,17.0,14.0,,5.22,0.083,1.0,5.0,1.161,14.548,31.0,5.919,0.876,11.85,0.032,0.226,0.71,-0.29,LA,no,Matthew Stafford,Matthew Stafford,no,NOT_AVAILABLE,2,83.0,LAR,Michigan,no_college_match,,,,,,,v2.0,2026-09-08
144,19,Aaron Rodgers,QB,PIT,ACT,QB,1.0,,96.0,00-0023459,8439.0,16.74,14.918,249.7,280.5,-30.8,-30.5,152,nfl_history,24.7,39.3,17.444,15.652,17.161,18.387,0.0,16.0,17.0,1.0,-1.23,0.182,5.0,1.0,0.147,57.412,33.0,8.731,0.522,25.3,0.303,0.303,0.424,0.02,PIT,no,,,n/a,NOT_AVAILABLE,21,24.0,GB,California; Butte College,no_college_match,,,,,,,v2.0,2026-09-08
145,64,Kayshon Boutte,WR,HOU,ACT,WR,4.0,,9504.0,00-0038608,4429022.0,7.121,14.0,99.7,130.8,-31.1,-29.1,147,nfl_history,22.1,24.1,7.28,6.621,7.757,6.893,0.967,14.0,15.0,3.0,0.86,0.113,2.0,21.0,0.344,45.594,29.0,6.555,0.92,14.38,0.103,0.241,0.724,0.26,NE,YES,Drake Maye,C.J. Stroud,YES,NOT_AVAILABLE,3,187.0,NE,LSU,no_college_match,,,,,,,v2.0,2026-09-08
146,17,David Njoku,TE,LAC,ACT,TE,2.0,,4033.0,00-0033885,3123076.0,7.283,13.153,95.8,127.3,-31.5,-22.9,137,nfl_history,19.7,23.3,8.152,4.432,6.345,10.591,10.169,11.0,11.0,16.0,-4.25,0.02,0.0,18.0,1.184,53.895,22.0,5.87,0.806,14.6,0.227,0.455,0.455,1.13,CLE,YES,Shedeur Sanders,Justin Herbert,YES,NOT_AVAILABLE,9,29.0,CLE,Miami,no_college_match,,,,,,,v2.0,2026-09-08
147,18,Harold Fannin Jr.,TE,CLE,ACT,TE,1.0,,12506.0,00-0040663,5083076.0,8.091,11.847,95.8,127.3,-31.5,-24.8,140,nfl_history,16.0,27.3,9.462,4.432,9.462,,,16.0,,,,0.062,0.0,8.0,0.812,49.125,16.0,5.239,0.648,14.45,0.188,0.438,0.25,0.88,CLE,no,Shedeur Sanders,Deshaun Watson,YES,NOT_AVAILABLE,1,67.0,CLE,Bowling Green,matched,2024.0,13.0,116.231,2.0,0.308,1.0,v2.0,2026-09-08
148,47,Woody Marks,RB,HOU,ACT,RB,2.0,,12474.0,00-0040583,4429059.0,8.258,11.847,97.8,129.4,-31.6,-30.4,151,nfl_history,16.0,33.3,8.631,7.511,8.631,,,16.0,,,,0.0,0.0,5.0,2.562,35.688,16.0,6.336,0.767,14.225,0.125,0.312,0.5,0.15,HOU,no,C.J. Stroud,C.J. Stroud,no,NOT_AVAILABLE,1,116.0,HOU,USC; Mississippi State,no_college_match,,,,,,,v2.0,2026-09-08
149,48,Kyle Monangai,RB,CHI,ACT,RB,2.0,,12534.0,00-0040236,4608686.0,7.991,12.2,97.5,129.4,-31.9,-29.3,149,nfl_history,17.0,32.0,8.218,7.511,8.218,,,17.0,,,,0.118,0.0,5.0,2.412,28.118,17.0,6.312,0.79,14.16,0.176,0.353,0.471,0.33,CHI,no,Caleb Williams,Caleb Williams,no,NOT_AVAILABLE,1,233.0,CHI,Rutgers,matched,2024.0,11.0,118.091,0.727,0.273,13.0,v2.0,2026-09-08
150,49,Sean Tucker,RB,TB,ACT,RB,3.0,,9506.0,00-0038951,4430871.0,7.04,13.824,97.3,129.4,-32.1,-32.3,155,nfl_history,21.6,27.0,6.865,7.511,7.223,6.517,1.4,15.0,12.0,3.0,0.71,0.116,1.0,5.0,0.967,10.667,27.0,9.036,1.284,9.18,0.074,0.148,0.667,-0.03,TB,no,Baker Mayfield,Baker Mayfield,no,NOT_AVAILABLE,3,,,Syracuse,no_college_match,,,,,,,v2.0,2026-09-08
151,19,Jonnu Smith,TE,GB,ACT,TE,2.0,,4144.0,00-0033858,3054212.0,5.793,16.4,95.0,127.3,-32.3,-22.8,136,nfl_history,28.9,17.2,6.076,4.432,3.835,10.606,5.953,17.0,17.0,17.0,-6.77,0.066,2.0,10.0,0.765,35.588,34.0,6.526,1.126,14.16,0.235,0.324,0.529,1.24,PIT,YES,Aaron Rodgers,Jordan Love,YES,NOT_AVAILABLE,9,100.0,TEN,Florida International,no_college_match,,,,,,,v2.0,2026-09-08
152,50,Isiah Pacheco,RB,DET,RES,RB,4.0,,8205.0,00-0037197,4361529.0,7.418,13.012,96.5,129.4,-32.9,-39.9,170,nfl_history,19.3,29.3,7.38,7.511,5.985,7.271,13.993,13.0,7.0,14.0,-1.29,0.041,1.0,11.0,2.559,35.588,20.0,3.956,0.533,11.815,0.0,0.15,0.65,-0.9,KC,YES,Patrick Mahomes,Jared Goff,YES,NOT_AVAILABLE,4,251.0,KC,Rutgers,no_college_match,,,,,,,v2.0,2026-09-08
153,51,Jacory Croskey-Merritt,RB,WAS,ACT,RB,1.0,,12533.0,00-0040242,4575131.0,7.875,12.2,96.1,129.4,-33.3,-30.7,153,nfl_history,17.0,32.0,8.047,7.511,8.047,,,17.0,,,,0.176,1.0,4.0,1.941,23.882,17.0,7.77,0.987,14.44,0.176,0.235,0.647,0.33,WAS,no,Marcus Mariota,Jayden Daniels,YES,NOT_AVAILABLE,1,245.0,WAS,Arizona; New Mexico; Alabama State,no_college_match,,,,,,,v2.0,2026-09-08
154,52,Ty Johnson,RB,BUF,ACT,RB,3.0,,6039.0,00-0035537,3915411.0,6.069,15.765,95.7,129.4,-33.7,-34.9,161,nfl_history,27.1,22.8,5.643,7.511,5.9,5.365,4.388,17.0,17.0,8.0,0.54,0.074,2.0,9.0,1.071,17.667,34.0,4.643,0.765,9.225,0.059,0.147,0.706,-0.15,BUF,no,Josh Allen,Josh Allen,no,NOT_AVAILABLE,7,186.0,DET,Maryland,no_college_match,,,,,,,v2.0,2026-09-08
155,20,Cade Otton,TE,TB,ACT,TE,1.0,,8111.0,00-0038129,4243331.0,6.161,15.165,93.4,127.3,-33.9,-27.6,144,nfl_history,25.4,19.1,6.569,4.432,6.18,7.936,5.471,15.0,14.0,17.0,-1.76,0.02,0.0,20.0,0.761,61.891,29.0,5.858,0.951,12.18,0.172,0.276,0.552,0.83,TB,no,Baker Mayfield,Baker Mayfield,no,NOT_AVAILABLE,4,106.0,TB,Washington,no_college_match,,,,,,,v2.0,2026-09-08
156,21,Tyler Warren,TE,IND,ACT,TE,1.0,,12518.0,00-0040128,4431459.0,7.656,12.2,93.4,127.3,-33.9,-24.4,138,nfl_history,17.0,26.1,8.794,4.432,8.794,,,17.0,,,,0.0,0.0,10.0,1.588,52.882,17.0,4.397,0.574,14.5,0.235,0.412,0.412,1.24,IND,no,Daniel Jones,Daniel Jones,no,NOT_AVAILABLE,1,14.0,IND,Penn State,matched,2024.0,15.0,89.267,1.267,0.067,13.0,v2.0,2026-09-08
157,53,Justice Hill,RB,BAL,ACT,RB,2.0,,5995.0,00-0034975,4038441.0,7.058,13.506,95.3,129.4,-34.1,-33.2,158,nfl_history,20.7,27.9,6.883,7.511,6.41,7.75,6.328,10.0,15.0,16.0,-1.34,0.072,2.0,13.0,1.073,26.073,25.0,7.694,1.09,14.17,0.12,0.2,0.6,0.12,BAL,no,Lamar Jackson,Lamar Jackson,no,NOT_AVAILABLE,7,113.0,BAL,Oklahoma State,matched,2024.0,8.0,42.125,0.375,0.125,0.0,v2.0,2026-09-08
158,54,Kimani Vidal,RB,LAC,ACT,RB,3.0,,11647.0,00-0039391,4430968.0,7.703,12.376,95.3,129.4,-34.1,-29.2,148,nfl_history,17.5,31.4,7.791,7.511,9.365,3.244,,13.0,9.0,,6.12,0.229,1.0,6.0,1.682,29.5,22.0,7.584,0.984,17.172,0.227,0.273,0.727,0.63,LAC,no,Justin Herbert,Justin Herbert,no,NOT_AVAILABLE,2,181.0,LAC,Troy,no_college_match,,,,,,,v2.0,2026-09-08
159,65,Darnell Mooney,WR,NYG,ACT,WR,2.0,,7090.0,00-0036309,4040655.0,6.293,15.306,96.3,130.8,-34.5,-31.2,154,nfl_history,25.8,21.3,6.205,6.621,4.353,10.263,4.529,15.0,16.0,14.0,-5.91,0.097,2.0,33.0,0.511,55.933,31.0,6.634,1.054,16.25,0.129,0.226,0.677,0.42,ATL,YES,Michael Penix Jr.,Jaxson Dart,YES,NOT_AVAILABLE,6,173.0,CHI,Tulane,no_college_match,,,,,,,v2.0,2026-09-08
160,66,KC Concepcion,WR,CLE,ACT,WR,2.0,,13298.0,00-0041547,4870653.0,6.973,13.704,95.6,130.8,-35.2,-35.2,163,draft_capital+college,0.0,53.8,,6.636,,,,,,,,,,,,,,,,,,,,0.0,,no_2025_team,,Deshaun Watson,unknown,NOT_AVAILABLE,0,24.0,CLE,Texas A&M; N.C. State,no_college_match,,,,,,,v2.0,2026-09-08
161,20,Geno Smith,QB,NYJ,ACT,QB,1.0,,1373.0,00-0030565,15864.0,15.753,15.553,245.0,280.5,-35.5,-34.3,160,nfl_history,26.5,37.6,15.813,15.652,14.127,18.0,18.051,15.0,17.0,15.0,-3.87,0.291,6.0,6.0,0.489,60.511,32.0,9.061,0.575,25.832,0.312,0.312,0.562,0.07,LV,YES,,,n/a,NOT_AVAILABLE,13,39.0,NYJ,West Virginia,no_college_match,,,,,,,v2.0,2026-09-08
162,55,Samaje Perine,RB,CIN,ACT,RB,2.0,,4147.0,00-0033526,3116389.0,5.926,15.694,93.0,129.4,-36.4,-38.8,167,nfl_history,26.9,22.9,5.455,7.511,5.993,4.444,5.606,15.0,17.0,17.0,1.55,0.0,0.0,11.0,0.755,20.449,32.0,3.405,0.575,7.735,0.031,0.125,0.75,-0.31,CIN,no,Joe Burrow,Joe Burrow,no,NOT_AVAILABLE,9,114.0,WAS,Oklahoma,no_college_match,,,,,,,v2.0,2026-09-08
163,56,Emanuel Wilson,RB,SEA,ACT,RB,3.0,,11435.0,00-0038797,4887558.0,5.981,15.553,93.0,129.4,-36.4,-37.6,165,nfl_history,26.5,23.2,5.519,7.511,5.803,5.324,2.36,17.0,17.0,5.0,0.48,0.038,0.0,4.0,1.128,15.923,34.0,5.702,0.953,9.725,0.059,0.176,0.647,-0.15,GB,YES,Jordan Love,Sam Darnold,YES,NOT_AVAILABLE,3,,,Fort Valley State College,no_college_match,,,,,,,v2.0,2026-09-08
164,67,DeMario Douglas,WR,NE,ACT,WR,3.0,,9501.0,00-0038621,4427095.0,5.982,15.659,93.7,130.8,-37.1,-37.8,166,nfl_history,26.8,20.7,5.815,6.621,5.144,7.106,5.964,16.0,16.0,14.0,-1.96,0.075,1.0,22.0,0.391,30.478,32.0,4.783,0.8,9.74,0.062,0.094,0.812,-0.09,NE,no,Drake Maye,Drake Maye,no,NOT_AVAILABLE,3,210.0,NE,Liberty,no_college_match,,,,,,,v2.0,2026-09-08
165,22,T.J. Hockenson,TE,MIN,ACT,TE,1.0,,5844.0,00-0035229,4036133.0,6.272,14.318,89.8,127.3,-37.5,-33.3,159,nfl_history,23.0,20.7,6.752,4.432,5.82,6.7,11.5,15.0,10.0,15.0,-0.88,0.03,0.0,21.0,0.875,47.6,25.0,3.794,0.605,9.06,0.12,0.12,0.56,0.55,MIN,no,J.J. McCarthy,Kyler Murray,YES,NOT_AVAILABLE,7,8.0,DET,Iowa,no_college_match,,,,,,,v2.0,2026-09-08
166,68,Darius Slayton,WR,NYG,ACT,,,no_depth_chart_entry,6149.0,00-0035535,3916945.0,6.123,15.165,92.9,130.8,-37.9,-40.1,171,nfl_history,25.4,21.6,5.986,6.621,5.736,5.719,7.647,14.0,16.0,17.0,0.02,0.071,3.0,27.0,0.426,53.681,30.0,4.998,0.816,9.35,0.033,0.067,0.833,-0.28,NYG,no,Jaxson Dart,Jaxson Dart,no,NOT_AVAILABLE,7,171.0,NYG,Auburn,no_college_match,,,,,,,v2.0,2026-09-08
167,21,Bryce Young,QB,CAR,ACT,QB,1.0,,9228.0,00-0039150,4685720.0,15.696,15.447,242.5,280.5,-38.0,-42.2,179,nfl_history,26.2,37.9,15.722,15.652,16.565,16.001,10.899,16.0,14.0,16.0,0.56,0.198,3.0,8.0,0.63,60.0,30.0,10.706,0.682,27.375,0.267,0.267,0.567,-0.25,CAR,no,,,n/a,NOT_AVAILABLE,3,1.0,CAR,Alabama,no_college_match,,,,,,,v2.0,2026-09-08
168,69,Marquise Brown,WR,PHI,ACT,WR,4.0,,5848.0,00-0035662,4241372.0,7.037,13.118,92.3,130.8,-38.5,-39.8,168,nfl_history,19.6,26.3,7.186,6.621,7.012,6.8,8.4,16.0,2.0,13.0,0.21,0.0,0.0,17.0,0.774,43.742,18.0,4.581,0.651,10.035,0.056,0.111,0.778,-0.17,KC,YES,Patrick Mahomes,Jalen Hurts,YES,NOT_AVAILABLE,7,25.0,BAL,Oklahoma; College of the Canyons,no_college_match,,,,,,,v2.0,2026-09-08
169,23,Colston Loveland,TE,CHI,ACT,TE,1.0,,12517.0,00-0040126,4723086.0,7.486,11.847,88.7,127.3,-38.6,-27.6,144,nfl_history,16.0,27.3,8.631,4.432,8.631,,,16.0,,,,0.125,1.0,10.0,1.0,43.812,16.0,7.838,1.047,17.025,0.25,0.312,0.5,1.44,CHI,no,Caleb Williams,Caleb Williams,no,NOT_AVAILABLE,1,10.0,CHI,Michigan,matched,2024.0,10.0,55.5,0.6,0.0,3.0,v2.0,2026-09-08
170,24,Chig Okonkwo,TE,WAS,ACT,TE,1.0,,8210.0,00-0037809,4360635.0,5.368,16.224,87.1,127.3,-40.2,-35.1,162,nfl_history,28.4,17.4,5.566,4.432,5.706,5.475,5.082,17.0,16.0,17.0,0.23,0.053,2.0,16.0,0.34,40.4,33.0,4.211,0.784,9.26,0.152,0.242,0.667,0.67,TEN,YES,Cam Ward,Jayden Daniels,YES,NOT_AVAILABLE,4,143.0,TEN,Maryland,no_college_match,,,,,,,v2.0,2026-09-08
171,70,Keon Coleman,WR,BUF,ACT,WR,3.0,,11637.0,00-0039901,4635008.0,7.084,12.729,90.2,130.8,-40.6,-39.8,168,nfl_history,18.5,27.5,7.259,6.621,7.067,7.615,,12.0,13.0,,-0.55,0.108,1.0,17.0,0.96,45.4,25.0,5.079,0.717,12.22,0.08,0.16,0.76,0.1,BUF,no,Josh Allen,Josh Allen,no,NOT_AVAILABLE,2,33.0,BUF,Florida State; Michigan State,no_college_match,,,,,,,v2.0,2026-09-08
172,25,AJ Barner,TE,SEA,ACT,TE,1.0,,11603.0,00-0039793,4576297.0,5.824,14.847,86.5,127.3,-40.8,-36.4,164,nfl_history,24.5,19.7,6.165,4.432,7.018,4.233,,17.0,15.0,,2.78,0.0,0.0,4.0,0.719,40.062,32.0,4.856,0.834,10.84,0.125,0.281,0.625,0.58,SEA,no,Sam Darnold,Sam Darnold,no,NOT_AVAILABLE,2,121.0,SEA,Michigan; Indiana,no_college_match,,,,,,,v2.0,2026-09-08
173,71,Omar Cooper Jr.,WR,NYJ,ACT,WR,3.0,,13276.0,00-0041511,4723820.0,6.871,13.065,89.8,130.8,-41.0,-41.0,174,draft_capital+college,0.0,53.8,,6.636,,,,,,,,,,,,,,,,,,,,0.0,,no_2025_team,,Geno Smith,unknown,NOT_AVAILABLE,0,30.0,NYJ,Indiana,matched,2025.0,15.0,63.933,1.0,0.333,8.0,v2.0,2026-09-08
174,72,Calvin Austin III,WR,NYG,RES,WR,5.0,,8125.0,00-0037837,4243389.0,5.852,15.271,89.4,130.8,-41.4,-41.8,177,nfl_history,25.7,21.4,5.642,6.621,5.411,6.838,3.478,14.0,17.0,16.0,-1.43,0.027,2.0,16.0,0.213,29.872,31.0,5.841,0.998,12.225,0.065,0.161,0.742,-0.05,PIT,YES,Aaron Rodgers,Jaxson Dart,YES,NOT_AVAILABLE,4,138.0,PIT,Memphis,no_college_match,,,,,,,v2.0,2026-09-08
175,57,Tank Bigsby,RB,PHI,ACT,RB,2.0,,9225.0,00-0038555,4429013.0,6.442,13.647,87.9,129.4,-41.5,-41.0,174,nfl_history,21.1,27.5,6.037,7.511,4.936,9.017,2.096,11.0,15.0,13.0,-4.08,0.118,1.0,8.0,1.615,15.744,26.0,6.957,1.08,11.725,0.115,0.231,0.538,0.06,PHI,no,Jalen Hurts,Jalen Hurts,no,NOT_AVAILABLE,3,88.0,JAX,Auburn,no_college_match,,,,,,,v2.0,2026-09-08
176,26,Evan Engram,TE,DEN,ACT,TE,1.0,,4066.0,00-0033881,3051876.0,5.764,14.635,84.4,127.3,-42.9,-42.8,183,nfl_history,23.9,20.1,6.099,4.432,4.862,7.444,10.135,16.0,9.0,17.0,-2.58,0.021,0.0,15.0,0.69,41.381,25.0,3.587,0.622,9.76,0.04,0.16,0.76,0.01,DEN,no,Bo Nix,Bo Nix,no,NOT_AVAILABLE,9,23.0,NYG,Mississippi,no_college_match,,,,,,,v2.0,2026-09-08
177,73,Mack Hollins,WR,NE,ACT,WR,4.0,,4177.0,00-0033555,2991662.0,5.836,14.988,87.5,130.8,-43.3,-50.3,199,nfl_history,24.9,21.9,5.615,6.621,6.457,5.012,2.842,14.0,17.0,12.0,1.45,0.04,0.0,15.0,0.326,38.953,31.0,4.105,0.703,10.5,0.0,0.129,0.742,-0.89,NE,no,Drake Maye,Drake Maye,no,NOT_AVAILABLE,9,118.0,PHI,North Carolina,no_college_match,,,,,,,v2.0,2026-09-08
178,58,Ameer Abdullah,RB,JAX,ACT,RB,4.0,,2359.0,00-0032104,2576336.0,5.994,14.212,85.2,129.4,-44.2,-43.7,184,nfl_history,22.7,26.1,5.459,7.511,4.312,9.473,1.969,13.0,13.0,16.0,-5.16,0.022,0.0,2.0,0.619,16.405,26.0,5.493,0.916,14.062,0.115,0.308,0.654,0.06,IND,YES,Daniel Jones,Trevor Lawrence,YES,NOT_AVAILABLE,11,54.0,DET,Nebraska,no_college_match,,,,,,,v2.0,2026-09-08
179,74,Rashod Bateman,WR,BAL,ACT,WR,2.0,,7571.0,00-0036550,4360939.0,5.884,14.671,86.3,130.8,-44.5,-42.5,182,nfl_history,24.0,22.6,5.669,6.621,3.531,9.756,4.033,13.0,16.0,15.0,-6.23,0.083,3.0,16.0,0.477,42.5,29.0,6.383,1.085,14.28,0.103,0.241,0.759,0.26,BAL,no,Lamar Jackson,Lamar Jackson,no,NOT_AVAILABLE,5,27.0,BAL,Minnesota,no_college_match,,,,,,,v2.0,2026-09-08
180,75,Luther Burden III,WR,CHI,ACT,WR,2.0,,12519.0,00-0040735,4685278.0,7.495,11.494,86.2,130.8,-44.6,-40.9,173,nfl_history,15.0,31.8,7.903,6.621,7.903,,,15.0,,,,0.2,1.0,11.0,0.267,26.8,15.0,6.749,0.9,11.16,0.133,0.133,0.733,0.47,CHI,no,Caleb Williams,Caleb Williams,no,NOT_AVAILABLE,1,39.0,CHI,Missouri,matched,2024.0,12.0,62.25,0.833,0.167,2.0,v2.0,2026-09-08
181,59,Bhayshul Tuten,RB,JAX,ACT,RB,1.0,,12490.0,00-0040719,4882093.0,7.375,11.494,84.8,129.4,-44.6,-51.6,204,nfl_history,15.0,34.8,7.303,7.511,7.303,,,15.0,,,,0.0,0.0,1.0,1.867,14.333,15.0,4.917,0.667,13.245,0.0,0.267,0.467,-0.9,JAX,no,Trevor Lawrence,Trevor Lawrence,no,NOT_AVAILABLE,1,104.0,JAX,Virginia Tech; North Carolina A&T,matched,2024.0,11.0,113.0,1.182,0.455,15.0,v2.0,2026-09-08
182,60,Chris Rodriguez Jr.,RB,JAX,ACT,RB,2.0,,10219.0,00-0038611,4362619.0,6.911,12.235,84.6,129.4,-44.8,-51.8,205,nfl_history,17.1,31.9,6.63,7.511,7.542,4.429,4.613,12.0,7.0,8.0,3.11,0.0,0.0,3.0,1.926,15.741,19.0,5.266,0.762,12.77,0.0,0.263,0.579,-0.9,WAS,YES,Marcus Mariota,Trevor Lawrence,YES,NOT_AVAILABLE,3,193.0,WAS,Kentucky,no_college_match,,,,,,,v2.0,2026-09-08
183,27,Colby Parkinson,TE,LA,ACT,TE,1.0,,6865.0,00-0036244,4242557.0,5.487,15.024,82.4,127.3,-44.9,-41.4,176,nfl_history,25.0,19.4,5.74,4.432,7.736,3.15,3.333,14.0,16.0,15.0,4.59,0.0,0.0,11.0,0.867,36.4,30.0,5.458,0.995,10.0,0.1,0.3,0.633,0.46,LA,no,Matthew Stafford,Matthew Stafford,no,NOT_AVAILABLE,6,133.0,SEA,Stanford,no_college_match,,,,,,,v2.0,2026-09-08
184,76,De'Zhaun Stribling,WR,SF,ACT,WR,3.0,,13417.0,00-0041035,4710714.0,6.646,12.792,85.0,130.8,-45.8,-45.8,186,draft_capital+college,0.0,53.8,,6.636,,,,,,,,,,,,,,,,,,,,0.0,,no_2025_team,,Brock Purdy,unknown,NOT_AVAILABLE,0,33.0,SF,Mississippi; Oklahoma State; Washington State,no_college_match,,,,,,,v2.0,2026-09-08
185,28,Brenton Strange,TE,JAX,ACT,TE,1.0,,9480.0,00-0038935,4430539.0,6.043,13.4,81.0,127.3,-46.3,-40.8,172,nfl_history,20.4,22.7,6.517,4.432,7.917,5.079,1.714,12.0,14.0,7.0,2.84,0.0,0.0,16.0,0.606,38.455,26.0,4.236,0.701,11.85,0.154,0.346,0.5,0.72,JAX,no,Trevor Lawrence,Trevor Lawrence,no,NOT_AVAILABLE,3,61.0,JAX,Penn State,no_college_match,,,,,,,v2.0,2026-09-08
186,29,Theo Johnson,TE,NYG,ACT,TE,2.0,,11597.0,00-0039847,4429148.0,6.026,13.435,81.0,127.3,-46.3,-42.3,180,nfl_history,20.5,22.6,6.493,4.432,7.087,4.873,,15.0,11.0,,2.21,0.049,1.0,12.0,0.577,58.115,26.0,4.666,0.774,10.4,0.115,0.269,0.692,0.52,NYG,no,Jaxson Dart,Jaxson Dart,no,NOT_AVAILABLE,2,107.0,NYG,Penn State,no_college_match,,,,,,,v2.0,2026-09-08
187,77,Ricky Pearsall,WR,SF,RES,WR,9.0,,11638.0,00-0039916,4428209.0,7.44,11.318,84.2,130.8,-46.6,-42.3,180,nfl_history,14.5,32.6,7.836,6.621,8.067,7.459,,9.0,11.0,,0.61,0.207,1.0,16.0,0.65,46.75,20.0,7.204,0.968,15.96,0.15,0.35,0.65,0.55,SF,no,Mac Jones,Brock Purdy,YES,NOT_AVAILABLE,2,31.0,SF,Florida; Arizona State,no_college_match,,,,,,,v2.0,2026-09-08
188,78,Jalen Nailor,WR,LV,ACT,WR,2.0,,8180.0,00-0037291,4382466.0,5.609,14.988,84.1,130.8,-46.7,-47.4,188,nfl_history,24.9,21.9,5.324,6.621,5.129,5.933,2.2,17.0,15.0,2.0,-0.8,0.04,0.0,17.0,0.647,36.618,32.0,5.635,1.005,10.055,0.062,0.156,0.812,-0.09,MIN,YES,J.J. McCarthy,Kirk Cousins,YES,NOT_AVAILABLE,4,191.0,MIN,Michigan State,no_college_match,,,,,,,v2.0,2026-09-08
189,79,Andrei Iosivas,WR,CIN,ACT,WR,3.0,,10226.0,00-0038619,4368003.0,5.484,15.271,83.7,130.8,-47.1,-54.1,211,nfl_history,25.7,21.4,5.174,6.621,4.893,5.994,3.918,15.0,17.0,11.0,-1.1,0.0,0.0,14.0,0.512,44.163,32.0,4.454,0.812,10.805,0.0,0.125,0.75,-0.89,CIN,no,Joe Burrow,Joe Burrow,no,NOT_AVAILABLE,3,206.0,CIN,Princeton,no_college_match,,,,,,,v2.0,2026-09-08
190,30,Cole Kmet,TE,CHI,ACT,TE,2.0,,6826.0,00-0036290,4258595.0,5.05,15.8,79.8,127.3,-47.5,-46.1,187,nfl_history,27.2,18.1,5.186,4.432,3.981,6.056,9.038,16.0,16.0,16.0,-2.08,0.007,0.0,21.0,0.729,53.417,32.0,5.069,1.004,7.64,0.062,0.156,0.719,0.18,CHI,no,Caleb Williams,Caleb Williams,no,NOT_AVAILABLE,6,43.0,CHI,Notre Dame,no_college_match,,,,,,,v2.0,2026-09-08
191,80,Kalif Raymond,WR,CHI,ACT,WR,3.0,,3634.0,00-0032464,2973405.0,5.583,14.812,82.7,130.8,-48.1,-50.1,196,nfl_history,24.4,22.3,5.285,6.621,4.993,5.829,5.615,15.0,12.0,17.0,-0.84,0.0,0.0,17.0,0.205,20.841,27.0,5.582,1.0,9.895,0.037,0.148,0.741,-0.25,DET,YES,Jared Goff,Caleb Williams,YES,NOT_AVAILABLE,10,,,Holy Cross,no_college_match,,,,,,,v2.0,2026-09-08
192,61,Bam Knight,RB,ARI,ACT,RB,3.0,,8122.0,00-0037157,4427728.0,8.216,9.871,81.1,129.4,-48.3,-55.3,215,nfl_history,10.4,43.5,8.759,7.511,9.035,,1.85,10.0,,2.0,,0.0,0.0,1.0,1.917,24.333,10.0,4.71,0.573,13.085,0.0,0.5,0.2,-0.9,ARI,no,Jacoby Brissett,Jacoby Brissett,no,NOT_AVAILABLE,4,,,N.C. State,no_college_match,,,,,,,v2.0,2026-09-08
193,81,Jalen Coker,WR,CAR,ACT,WR,2.0,,11646.0,00-0039491,4695883.0,6.788,12.024,81.6,130.8,-49.2,-47.9,189,nfl_history,16.5,29.8,6.859,6.621,6.718,7.142,,11.0,11.0,,-0.42,0.061,1.0,12.0,0.545,39.5,22.0,5.695,0.839,13.445,0.091,0.182,0.682,0.17,CAR,no,Bryce Young,Bryce Young,no,NOT_AVAILABLE,2,,,Holy Cross,no_college_match,,,,,,,v2.0,2026-09-08
194,82,Xavier Legette,WR,CAR,ACT,WR,3.0,,11626.0,00-0039342,4430034.0,5.763,14.141,81.5,130.8,-49.3,-49.2,191,nfl_history,22.5,23.7,5.496,6.621,4.72,7.047,,15.0,15.0,,-2.33,0.0,0.0,14.0,0.833,43.4,30.0,5.198,0.902,11.278,0.067,0.1,0.767,0.01,CAR,no,Bryce Young,Bryce Young,no,NOT_AVAILABLE,2,32.0,CAR,South Carolina,no_college_match,,,,,,,v2.0,2026-09-08
195,83,Dontayvion Wicks,WR,PHI,ACT,WR,2.0,,9486.0,00-0038393,4428850.0,5.47,14.847,81.2,130.8,-49.6,-49.5,192,nfl_history,24.5,22.2,5.141,6.621,4.677,5.353,6.551,13.0,17.0,15.0,-0.68,0.0,0.0,18.0,0.578,32.133,30.0,5.945,1.087,8.31,0.067,0.1,0.867,0.01,GB,YES,Jordan Love,Jalen Hurts,YES,NOT_AVAILABLE,3,159.0,GB,Virginia,no_college_match,,,,,,,v2.0,2026-09-08
196,84,Jaylin Noel,WR,HOU,ACT,WR,3.0,,12536.0,00-0040138,4586312.0,6.644,12.2,81.1,130.8,-49.7,-50.7,200,nfl_history,17.0,29.2,6.653,6.621,6.653,,,17.0,,,,0.059,1.0,6.0,0.412,17.882,17.0,3.818,0.575,10.39,0.059,0.118,0.765,-0.13,HOU,no,C.J. Stroud,C.J. Stroud,no,NOT_AVAILABLE,1,79.0,HOU,Iowa State,matched,2024.0,14.0,86.857,1.214,0.643,8.0,v2.0,2026-09-08
197,85,Denzel Boston,WR,CLE,ACT,WR,3.0,,13346.0,00-0041037,4832800.0,6.59,12.313,81.1,130.8,-49.7,-49.7,194,draft_capital+college,0.0,53.8,,6.636,,,,,,,,,,,,,,,,,,,,0.0,,no_2025_team,,Deshaun Watson,unknown,NOT_AVAILABLE,0,39.0,CLE,Washington,matched,2025.0,11.0,71.455,1.0,0.091,7.0,v2.0,2026-09-08
198,86,Tank Dell,WR,HOU,RES,WR,6.0,,9502.0,00-0038977,4366031.0,8.563,9.376,80.3,130.8,-50.5,-50.0,195,nfl_history,9.0,43.8,10.074,6.621,,8.589,15.27,,14.0,10.0,,0.167,2.0,19.0,0.875,46.583,14.0,5.421,0.633,15.27,0.071,0.214,0.643,0.06,,no_2025_team,,C.J. Stroud,unknown,NOT_AVAILABLE,3,69.0,HOU,Houston; Independence Comm. College; Alabama A&M,no_college_match,,,,,,,v2.0,2026-09-08
199,62,Keaton Mitchell,RB,LAC,ACT,RB,2.0,,9511.0,00-0038454,4596334.0,6.56,11.988,78.6,129.4,-50.8,-57.8,219,nfl_history,16.4,32.8,6.096,7.511,6.112,3.525,9.629,13.0,4.0,7.0,2.59,0.024,1.0,13.0,0.792,12.625,17.0,3.696,0.563,8.7,0.0,0.118,0.706,-0.9,BAL,YES,Lamar Jackson,Justin Herbert,YES,NOT_AVAILABLE,3,,,East Carolina,no_college_match,,,,,,,v2.0,2026-09-08
200,87,Jayden Higgins,WR,HOU,RES,WR,7.0,,12484.0,00-0040130,4877706.0,6.514,12.2,79.5,130.8,-51.3,-52.3,206,nfl_history,17.0,29.2,6.471,6.621,6.471,,,17.0,,,,0.059,1.0,5.0,0.529,39.471,17.0,4.943,0.759,11.64,0.059,0.176,0.588,-0.13,HOU,no,C.J. Stroud,C.J. Stroud,no,NOT_AVAILABLE,1,34.0,HOU,Iowa State; Eastern Kentucky,matched,2024.0,13.0,89.0,1.231,0.0,0.0,v2.0,2026-09-08
201,88,Luke McCaffrey,WR,WAS,ACT,WR,4.0,,11650.0,00-0039355,4426948.0,7.024,11.318,79.5,130.8,-51.3,-52.7,207,nfl_history,14.5,32.6,7.219,6.621,10.538,3.135,,8.0,13.0,,7.4,0.069,1.0,5.0,0.333,23.048,21.0,5.567,0.793,11.0,0.048,0.143,0.714,-0.18,WAS,no,Marcus Mariota,Jayden Daniels,YES,NOT_AVAILABLE,2,100.0,WAS,Rice; Nebraska,no_college_match,,,,,,,v2.0,2026-09-08
202,22,Tua Tagovailoa,QB,ATL,ACT,QB,1.0,,6768.0,00-0036212,4241479.0,16.044,14.282,229.1,280.5,-51.4,-54.9,214,nfl_history,22.9,41.1,16.317,15.652,14.05,20.053,19.609,14.0,11.0,17.0,-6.0,0.376,11.0,0.0,0.31,60.429,25.0,10.664,0.665,29.608,0.28,0.28,0.48,-0.21,MIA,YES,,,n/a,NOT_AVAILABLE,6,5.0,MIA,Alabama,no_college_match,,,,,,,v2.0,2026-09-08
203,89,Kendrick Bourne,WR,ARI,ACT,WR,3.0,,4454.0,00-0033307,3045523.0,5.727,13.824,79.2,130.8,-51.6,-51.0,201,nfl_history,21.6,24.5,5.438,6.621,5.4,4.258,10.188,14.0,12.0,8.0,1.14,0.093,0.0,12.0,0.294,41.235,26.0,5.154,0.9,6.025,0.077,0.115,0.885,0.08,SF,YES,Mac Jones,Jacoby Brissett,YES,NOT_AVAILABLE,9,,,Eastern Washington,no_college_match,,,,,,,v2.0,2026-09-08
204,90,Olamide Zaccheaus,WR,ATL,ACT,WR,3.0,,6271.0,00-0035208,3917914.0,5.363,14.741,79.1,130.8,-51.7,-53.9,209,nfl_history,24.2,22.4,4.999,6.621,4.664,6.116,3.068,14.0,16.0,11.0,-1.45,0.021,1.0,10.0,0.585,35.073,30.0,5.398,1.007,7.385,0.033,0.1,0.867,-0.28,CHI,YES,Caleb Williams,Tua Tagovailoa,YES,NOT_AVAILABLE,7,,,Virginia,no_college_match,,,,,,,v2.0,2026-09-08
205,91,Isaiah Williams,WR,NYJ,ACT,WR,4.0,,11608.0,00-0039451,4569371.0,6.945,11.318,78.6,130.8,-52.2,-49.6,193,nfl_history,14.5,32.6,7.102,6.621,8.727,1.993,,11.0,7.0,,6.73,0.0,0.0,2.0,0.056,19.778,18.0,5.599,0.806,13.057,0.111,0.222,0.778,0.33,NYJ,no,Justin Fields,Geno Smith,YES,NOT_AVAILABLE,2,,,Illinois,no_college_match,,,,,,,v2.0,2026-09-08
206,92,Tyquan Thornton,WR,KC,ACT,WR,3.0,,8188.0,00-0038104,4362921.0,6.574,11.776,77.4,130.8,-53.4,-60.4,224,nfl_history,15.8,30.7,6.553,6.621,8.004,1.675,2.3,12.0,4.0,9.0,6.33,0.063,1.0,12.0,0.24,26.0,16.0,4.49,0.683,10.763,0.0,0.125,0.75,-0.89,KC,no,Patrick Mahomes,Patrick Mahomes,no,NOT_AVAILABLE,4,50.0,NE,Baylor,no_college_match,,,,,,,v2.0,2026-09-08
207,63,Isaiah Davis,RB,NYJ,ACT,RB,3.0,,11571.0,00-0039798,4695404.0,5.641,13.435,75.8,129.4,-53.6,-60.6,225,nfl_history,20.5,28.1,4.911,7.511,4.803,5.294,,16.0,9.0,,-0.49,0.0,0.0,6.0,0.68,15.8,25.0,4.475,0.793,9.74,0.0,0.16,0.68,-0.9,NYJ,no,Justin Fields,Geno Smith,YES,NOT_AVAILABLE,2,173.0,NYJ,South Dakota State,matched,2025.0,9.0,12.111,0.111,0.0,5.0,v2.0,2026-09-08
208,93,Jalen Tolbert,WR,MIA,ACT,WR,2.0,,8117.0,00-0037666,4249417.0,5.353,14.424,77.2,130.8,-53.6,-60.6,225,nfl_history,23.3,23.1,4.973,6.621,3.546,7.5,3.414,12.0,17.0,14.0,-3.95,0.0,0.0,13.0,0.512,40.977,29.0,4.679,0.874,11.06,0.0,0.069,0.759,-0.89,DAL,YES,Dak Prescott,Malik Willis,YES,NOT_AVAILABLE,4,88.0,DAL,South Alabama,no_college_match,,,,,,,v2.0,2026-09-08
209,31,Oronde Gadsden II,TE,LAC,ACT,TE,3.0,,12493.0,00-0040189,4595342.0,6.404,11.494,73.6,127.3,-53.7,-49.0,190,nfl_history,15.0,28.6,7.193,4.432,7.193,,,15.0,,,,0.067,0.0,11.0,1.0,41.8,15.0,6.887,1.075,10.56,0.133,0.2,0.533,0.62,LAC,no,Justin Herbert,Justin Herbert,no,NOT_AVAILABLE,1,165.0,LAC,Syracuse,matched,2024.0,13.0,71.154,1.231,0.0,0.0,v2.0,2026-09-08
210,32,Mike Gesicki,TE,CIN,ACT,TE,1.0,,4993.0,00-0034829,3116164.0,5.137,14.318,73.5,127.3,-53.8,-50.1,196,nfl_history,23.0,20.7,5.321,4.432,4.725,6.938,3.393,12.0,16.0,15.0,-2.21,0.043,1.0,7.0,0.581,30.884,28.0,6.013,1.17,10.99,0.107,0.214,0.714,0.49,CIN,no,Joe Burrow,Joe Burrow,no,NOT_AVAILABLE,8,42.0,MIA,Penn State,no_college_match,,,,,,,v2.0,2026-09-08
211,94,Germie Bernard,WR,PIT,ACT,WR,4.0,,13274.0,00-0041489,4685261.0,6.536,11.779,77.0,130.8,-53.8,-53.8,208,draft_capital+college,0.0,53.8,,6.636,,,,,,,,,,,,,,,,,,,,0.0,,no_2025_team,,Aaron Rodgers,unknown,NOT_AVAILABLE,0,47.0,PIT,Alabama; Washington; Michigan State,matched,2025.0,14.0,69.5,1.143,0.071,8.0,v2.0,2026-09-08
212,95,Demarcus Robinson,WR,SF,ACT,WR,4.0,,3286.0,00-0032775,3043116.0,5.223,14.706,76.8,130.8,-54.0,-54.4,212,nfl_history,24.1,22.5,4.817,6.621,3.371,6.353,9.3,14.0,17.0,8.0,-2.98,0.0,0.0,22.0,0.692,42.692,31.0,5.353,1.025,9.0,0.065,0.065,0.806,-0.05,SF,no,Mac Jones,Brock Purdy,YES,NOT_AVAILABLE,10,126.0,KC,Florida,no_college_match,,,,,,,v2.0,2026-09-08
213,64,Dylan Sampson,RB,CLE,ACT,RB,2.0,,12469.0,00-0040162,5081397.0,6.53,11.494,75.1,129.4,-54.3,-54.8,213,nfl_history,15.0,34.8,6.007,7.511,6.007,,,15.0,,,,0.067,1.0,3.0,0.867,16.6,15.0,4.917,0.753,9.58,0.067,0.2,0.733,-0.06,CLE,no,Shedeur Sanders,Deshaun Watson,YES,NOT_AVAILABLE,1,126.0,CLE,Tennessee,matched,2024.0,13.0,122.385,0.923,0.154,22.0,v2.0,2026-09-08
214,33,Isaiah Likely,TE,NYG,ACT,TE,1.0,,8131.0,00-0037838,4361050.0,5.073,14.071,71.4,127.3,-55.9,-54.0,210,nfl_history,22.3,21.2,5.245,4.432,3.933,6.98,6.221,12.0,15.0,14.0,-3.05,0.054,2.0,14.0,0.634,36.195,27.0,5.337,1.052,10.41,0.074,0.222,0.741,0.25,BAL,YES,Lamar Jackson,Jaxson Dart,YES,NOT_AVAILABLE,4,139.0,BAL,Coastal Carolina,no_college_match,,,,,,,v2.0,2026-09-08
215,34,Darren Waller,TE,CAR,ACT,TE,3.0,,2505.0,00-0031610,2576925.0,6.939,10.224,70.9,127.3,-56.4,-44.1,185,nfl_history,11.4,34.5,8.258,4.432,8.522,,7.267,9.0,,12.0,,0.0,0.0,13.0,0.571,38.095,9.0,7.89,1.137,16.28,0.333,0.333,0.444,1.61,MIA,YES,Tua Tagovailoa,Bryce Young,YES,NOT_AVAILABLE,11,204.0,BAL,Georgia Tech,no_college_match,,,,,,,v2.0,2026-09-08
216,96,Devaughn Vele,WR,NO,ACT,WR,2.0,,11834.0,00-0039424,4569559.0,6.362,11.671,74.2,130.8,-56.6,-58.2,220,nfl_history,15.5,31.1,6.245,6.621,5.978,6.615,,9.0,13.0,,-0.64,0.0,0.0,7.0,0.545,37.955,22.0,4.805,0.755,10.82,0.045,0.136,0.727,-0.2,NO,no,Tyler Shough,Tyler Shough,no,NOT_AVAILABLE,2,235.0,DEN,Utah,no_college_match,,,,,,,v2.0,2026-09-08
217,97,Ryan Flournoy,WR,DAL,ACT,WR,3.0,,11783.0,00-0039410,5083754.0,5.658,13.082,74.0,130.8,-56.8,-55.9,216,nfl_history,19.5,26.4,5.313,6.621,6.467,1.467,,15.0,9.0,,5.0,0.154,1.0,6.0,0.292,25.625,24.0,5.792,1.024,8.53,0.083,0.083,0.833,0.12,DAL,no,Dak Prescott,Dak Prescott,no,NOT_AVAILABLE,2,216.0,DAL,Southeast Missouri State; Iowa Western CC,no_college_match,,,,,,,v2.0,2026-09-08
218,65,Emari Demercado,RB,DAL,ACT,RB,3.0,,11199.0,00-0038705,4362478.0,5.521,13.153,72.6,129.4,-56.8,-63.8,229,nfl_history,19.7,28.9,4.714,7.511,4.968,3.915,5.8,11.0,13.0,11.0,1.05,0.036,2.0,9.0,0.486,18.257,24.0,4.162,0.754,8.74,0.0,0.125,0.792,-0.9,ARI,YES,Jacoby Brissett,Dak Prescott,YES,NOT_AVAILABLE,3,,,TCU,no_college_match,,,,,,,v2.0,2026-09-08
219,35,Dawson Knox,TE,BUF,ACT,TE,2.0,,5906.0,00-0035689,3930086.0,4.679,15.024,70.3,127.3,-57.0,-57.5,217,nfl_history,25.0,19.4,4.739,4.432,5.356,3.436,4.36,16.0,14.0,10.0,1.92,0.0,0.0,12.0,0.7,39.925,30.0,3.935,0.841,7.315,0.033,0.1,0.8,-0.07,BUF,no,Josh Allen,Josh Allen,no,NOT_AVAILABLE,7,96.0,BUF,Mississippi,no_college_match,,,,,,,v2.0,2026-09-08
220,66,Jeremy McNichols,RB,WAS,RES,RB,4.0,,4219.0,00-0033955,3127586.0,5.048,14.318,72.3,129.4,-57.1,-57.6,218,nfl_history,23.0,25.8,4.191,7.511,3.916,4.821,,16.0,14.0,,-0.91,0.043,1.0,4.0,0.833,19.0,30.0,4.479,0.887,7.42,0.067,0.133,0.833,-0.06,WAS,no,Marcus Mariota,Jayden Daniels,YES,NOT_AVAILABLE,9,162.0,TB,Boise State,no_college_match,,,,,,,v2.0,2026-09-08
221,98,Jalen McMillan,WR,TB,ACT,WR,3.0,,11618.0,00-0039855,4430834.0,7.428,9.906,73.6,130.8,-57.2,-51.5,202,nfl_history,10.5,40.0,7.967,6.621,6.225,9.038,,4.0,13.0,,-2.81,0.095,0.0,10.0,0.647,44.941,17.0,7.178,0.966,16.3,0.176,0.353,0.588,0.72,TB,no,Baker Mayfield,Baker Mayfield,no,NOT_AVAILABLE,2,92.0,TB,Washington,no_college_match,,,,,,,v2.0,2026-09-08
222,99,Elic Ayomanor,WR,TEN,ACT,WR,5.0,,12499.0,00-0040170,4883647.0,6.189,11.847,73.3,130.8,-57.5,-64.5,230,nfl_history,16.0,30.4,6.0,6.621,6.0,,,16.0,,,,0.0,0.0,8.0,0.5,49.188,16.0,3.808,0.615,10.75,0.0,0.062,0.812,-0.89,TEN,no,Cam Ward,Cam Ward,no,NOT_AVAILABLE,1,136.0,TEN,Stanford,matched,2024.0,12.0,69.25,0.75,0.167,2.0,v2.0,2026-09-08
223,67,Kendre Miller,RB,NO,ACT,RB,3.0,,9757.0,00-0038551,4599739.0,7.005,10.224,71.6,129.4,-57.8,-64.8,231,nfl_history,11.4,41.2,6.65,7.511,7.207,5.9,5.471,7.0,6.0,7.0,1.31,0.0,0.0,2.0,0.55,16.3,13.0,3.777,0.539,11.1,0.0,0.231,0.615,-0.9,NO,no,Tyler Shough,Tyler Shough,no,NOT_AVAILABLE,3,71.0,NO,TCU,no_college_match,,,,,,,v2.0,2026-09-08
224,100,Christian Kirk,WR,SF,RES,WR,7.0,,4950.0,00-0034775,3895856.0,5.908,12.341,72.9,130.8,-57.9,-64.9,233,nfl_history,17.4,28.7,5.622,6.621,3.991,7.175,10.509,11.0,8.0,12.0,-3.18,0.034,1.0,23.0,0.581,42.0,19.0,4.735,0.801,11.13,0.0,0.105,0.789,-0.89,HOU,YES,C.J. Stroud,Brock Purdy,YES,NOT_AVAILABLE,8,47.0,AZ,Texas A&M,no_college_match,,,,,,,v2.0,2026-09-08
225,101,Josh Palmer,WR,BUF,ACT,WR,4.0,,7670.0,00-0036988,4242433.0,5.254,13.788,72.4,130.8,-58.4,-65.4,236,nfl_history,21.5,24.6,4.809,6.621,3.442,5.86,9.07,12.0,15.0,10.0,-2.42,0.028,1.0,24.0,0.649,41.459,27.0,3.149,0.599,8.21,0.0,0.037,0.889,-0.89,BUF,no,Josh Allen,Josh Allen,no,NOT_AVAILABLE,5,77.0,LAC,Tennessee,no_college_match,,,,,,,v2.0,2026-09-08
226,68,Kaelon Black,RB,SF,ACT,RB,2.0,,13414.0,00-0041052,4696044.0,6.9,10.091,69.6,129.4,-59.8,-59.8,222,draft_capital+college,0.0,57.1,,7.455,,,,,,,,,,,,,,,,,,,,0.0,,no_2025_team,,Brock Purdy,unknown,NOT_AVAILABLE,0,90.0,SF,Indiana; James Madison,matched,2025.0,16.0,62.562,0.75,0.062,5.0,v2.0,2026-09-08
227,36,Noah Fant,TE,NO,ACT,TE,2.0,,5857.0,00-0035644,4036131.0,4.685,14.318,67.1,127.3,-60.2,-58.3,221,nfl_history,23.0,20.7,4.751,4.432,4.446,5.714,3.827,13.0,14.0,15.0,-1.27,0.0,0.0,13.0,0.262,34.667,27.0,3.884,0.829,9.35,0.074,0.185,0.704,0.25,CIN,YES,Joe Burrow,Tyler Shough,YES,NOT_AVAILABLE,7,20.0,DEN,Iowa,no_college_match,,,,,,,v2.0,2026-09-08
228,23,Daniel Jones,QB,IND,ACT,QB,1.0,,5870.0,00-0035710,3917792.0,16.969,12.976,220.2,280.5,-60.3,-50.2,198,nfl_history,19.2,45.5,18.067,15.652,20.034,14.93,9.827,13.0,10.0,6.0,5.1,0.115,0.0,1.0,1.345,60.621,23.0,8.666,0.511,26.402,0.435,0.435,0.348,0.6,IND,no,,,n/a,NOT_AVAILABLE,7,6.0,NYG,Duke,no_college_match,,,,,,,v2.0,2026-09-08
229,102,Tory Horton,WR,SEA,ACT,WR,4.0,,12497.0,00-0040648,4597703.0,7.79,9.024,70.3,130.8,-60.5,-51.5,202,nfl_history,8.0,46.7,8.812,6.621,8.812,,,8.0,,,,0.0,0.0,3.0,0.5,28.25,8.0,8.589,1.103,18.445,0.25,0.25,0.5,1.15,SEA,no,Sam Darnold,Sam Darnold,no,NOT_AVAILABLE,1,166.0,SEA,Colorado State; Nevada,matched,2024.0,5.0,69.4,1.2,0.2,1.0,v2.0,2026-09-08
230,69,Brashard Smith,RB,KC,ACT,RB,3.0,,12455.0,00-0040078,4596602.0,5.493,12.2,67.0,129.4,-62.4,-69.4,247,nfl_history,17.0,32.0,4.544,7.511,4.544,,,17.0,,,,0.0,0.0,0.0,1.0,11.235,17.0,4.364,0.794,9.5,0.0,0.176,0.765,-0.9,KC,no,Patrick Mahomes,Patrick Mahomes,no,NOT_AVAILABLE,1,228.0,KC,SMU; Miami,matched,2024.0,14.0,118.357,1.357,0.286,18.0,v2.0,2026-09-08
231,103,Ray-Ray McCloud,WR,CHI,RES,,,no_depth_chart_entry,5096.0,00-0034407,3728262.0,5.579,12.094,67.5,130.8,-63.3,-70.3,250,nfl_history,16.7,29.5,5.143,6.621,2.492,7.385,3.709,6.0,17.0,11.0,-4.89,0.0,0.0,12.0,0.265,41.206,23.0,3.865,0.693,10.105,0.0,0.043,0.739,-0.89,ATL,YES,Michael Penix Jr.,Caleb Williams,YES,NOT_AVAILABLE,8,187.0,BUF,Clemson,no_college_match,,,,,,,v2.0,2026-09-08
232,70,Devin Neal,RB,NO,RES,,,no_depth_chart_entry,12476.0,00-0040202,4682652.0,7.011,9.376,65.7,129.4,-63.7,-70.7,252,nfl_history,9.0,47.1,6.567,7.511,6.567,,,9.0,,,,0.0,0.0,1.0,0.667,29.778,9.0,4.549,0.649,9.48,0.0,0.111,0.556,-0.9,NO,no,Tyler Shough,Tyler Shough,no,NOT_AVAILABLE,1,184.0,NO,Kansas,matched,2024.0,12.0,125.083,1.167,0.333,15.0,v2.0,2026-09-08
233,71,Audric Estimé,RB,NO,ACT,RB,4.0,,11579.0,00-0039373,4569682.0,6.399,10.259,65.6,129.4,-63.8,-65.4,236,nfl_history,11.5,41.0,5.626,7.511,8.42,3.477,,5.0,13.0,,4.94,0.0,0.0,2.0,0.944,17.556,18.0,4.691,0.733,10.03,0.056,0.167,0.722,-0.21,NO,no,Tyler Shough,Tyler Shough,no,NOT_AVAILABLE,2,147.0,DEN,Notre Dame,no_college_match,,,,,,,v2.0,2026-09-08
234,104,Tutu Atwell,WR,LA,ACT,WR,5.0,,7562.0,00-0036849,4360797.0,5.268,12.659,66.7,130.8,-64.1,-71.1,255,nfl_history,18.3,27.7,4.75,6.621,3.65,5.193,6.707,8.0,15.0,14.0,-1.54,0.066,1.0,22.0,0.351,34.0,23.0,4.32,0.82,9.11,0.0,0.043,0.826,-0.89,LA,no,Matthew Stafford,Matthew Stafford,no,NOT_AVAILABLE,5,57.0,LAR,Louisville,no_college_match,,,,,,,v2.0,2026-09-08
235,105,Elijah Moore,WR,PHI,ACT,WR,5.0,,7596.0,00-0036980,4372414.0,4.942,13.506,66.7,130.8,-64.1,-71.1,255,nfl_history,20.7,25.3,4.374,6.621,2.678,5.376,6.484,9.0,17.0,16.0,-2.7,0.024,0.0,17.0,0.548,47.024,26.0,4.56,0.923,8.1,0.0,0.077,0.846,-0.89,BUF,YES,Josh Allen,Jalen Hurts,YES,NOT_AVAILABLE,5,34.0,NYJ,Mississippi,matched,2025.0,3.0,17.333,0.0,0.0,0.0,v2.0,2026-09-08
236,24,Jayden Daniels,QB,WAS,ACT,QB,1.0,,11566.0,00-0039910,4426348.0,18.512,11.671,216.0,280.5,-64.5,-41.9,178,nfl_history,15.5,50.8,21.464,15.652,18.469,23.931,,7.0,17.0,,-5.46,0.194,4.0,7.0,1.958,61.125,24.0,10.731,0.58,32.379,0.542,0.542,0.333,1.34,WAS,no,,,n/a,NOT_AVAILABLE,2,2.0,WAS,LSU; Arizona State,no_college_match,,,,,,,v2.0,2026-09-08
237,106,Adonai Mitchell,WR,NYJ,ACT,WR,2.0,,11625.0,00-0039890,4597500.0,4.456,14.847,66.2,130.8,-64.6,-67.1,238,nfl_history,24.5,22.2,3.838,6.621,4.588,2.427,,16.0,17.0,,2.16,0.082,1.0,10.0,0.515,26.697,33.0,4.751,1.066,6.072,0.03,0.061,0.879,-0.32,NYJ,no,Justin Fields,Geno Smith,YES,NOT_AVAILABLE,2,52.0,IND,Texas; Georgia,no_college_match,,,,,,,v2.0,2026-09-08
238,37,Tyler Higbee,TE,LA,ACT,TE,2.0,,3271.0,00-0033110,2573401.0,5.536,11.318,62.7,127.3,-64.6,-62.3,227,nfl_history,14.5,29.3,5.993,4.432,5.86,7.533,5.667,10.0,3.0,15.0,-1.67,0.0,0.0,12.0,0.679,46.071,13.0,5.355,0.967,12.22,0.077,0.231,0.538,0.3,LA,no,Matthew Stafford,Matthew Stafford,no,NOT_AVAILABLE,10,110.0,LAR,Western Kentucky,no_college_match,,,,,,,v2.0,2026-09-08
239,72,Jonah Coleman,RB,DEN,ACT,RB,3.0,,13345.0,00-0041496,4702555.0,6.806,9.495,64.6,129.4,-64.8,-64.8,231,draft_capital+college,0.0,57.1,,7.455,,,,,,,,,,,,,,,,,,,,0.0,,no_2025_team,,Bo Nix,unknown,NOT_AVAILABLE,0,108.0,DEN,Washington; Arizona,matched,2025.0,12.0,91.75,1.0,0.083,14.0,v2.0,2026-09-08
240,107,Tez Johnson,WR,TB,ACT,WR,5.0,,12485.0,00-0040237,4608810.0,5.716,11.494,65.7,130.8,-65.1,-65.0,234,nfl_history,15.0,31.8,5.293,6.621,5.293,,,15.0,,,,0.067,1.0,3.0,0.6,30.733,15.0,5.928,1.037,11.88,0.067,0.2,0.733,0.01,TB,no,Baker Mayfield,Baker Mayfield,no,NOT_AVAILABLE,1,235.0,TB,Oregon; Troy,matched,2024.0,12.0,68.167,0.833,0.25,0.0,v2.0,2026-09-08
241,108,Xavier Hutchinson,WR,HOU,ACT,WR,2.0,,10218.0,00-0038618,4686422.0,4.35,15.094,65.7,130.8,-65.1,-67.3,239,nfl_history,25.2,21.7,3.719,6.621,5.031,1.379,1.627,16.0,14.0,11.0,3.65,0.0,0.0,8.0,0.317,32.829,30.0,3.988,0.917,4.76,0.033,0.1,0.9,-0.28,HOU,no,C.J. Stroud,C.J. Stroud,no,NOT_AVAILABLE,3,205.0,HOU,Iowa State,no_college_match,,,,,,,v2.0,2026-09-08
242,109,John Metchie III,WR,CAR,ACT,WR,4.0,,8147.0,00-0037614,4567096.0,4.812,13.541,65.2,130.8,-65.6,-67.3,239,nfl_history,20.8,25.2,4.204,6.621,4.723,4.24,1.729,13.0,10.0,14.0,0.48,0.0,0.0,5.0,0.514,28.27,23.0,4.364,0.907,6.09,0.043,0.13,0.87,-0.22,NYJ,YES,Justin Fields,Bryce Young,YES,NOT_AVAILABLE,4,44.0,HOU,Alabama,no_college_match,,,,,,,v2.0,2026-09-08
243,38,Jake Tonges,TE,SF,ACT,TE,2.0,,8698.0,00-0037112,4259147.0,6.052,10.082,61.0,127.3,-66.3,-60.3,223,nfl_history,11.0,35.3,6.936,4.432,7.63,0.0,,10.0,2.0,,7.63,0.0,0.0,2.0,0.583,31.167,12.0,5.7,0.942,13.405,0.167,0.25,0.5,0.79,SF,no,Mac Jones,Brock Purdy,YES,NOT_AVAILABLE,4,,,California,no_college_match,,,,,,,v2.0,2026-09-08
244,39,Austin Hooper,TE,ATL,ACT,TE,3.0,,3202.0,00-0032392,3043275.0,4.076,14.918,60.8,127.3,-66.5,-72.1,264,nfl_history,24.7,19.5,3.989,4.432,3.754,5.006,2.244,13.0,17.0,16.0,-1.25,0.0,0.0,13.0,0.391,32.913,30.0,3.368,0.826,8.03,0.0,0.133,0.733,-0.73,NE,YES,Drake Maye,Tua Tagovailoa,YES,NOT_AVAILABLE,10,81.0,ATL,Stanford,no_college_match,,,,,,,v2.0,2026-09-08
245,73,Kyle Juszczyk,RB,SF,ACT,,,no_depth_chart_entry,1379.0,00-0029892,16002.0,4.091,15.094,61.7,129.4,-67.7,-74.7,269,nfl_history,25.2,24.1,3.005,7.511,2.812,3.464,2.945,16.0,14.0,11.0,-0.65,0.0,0.0,7.0,0.439,30.902,30.0,3.013,0.736,6.04,0.0,0.067,0.867,-0.9,SF,no,Mac Jones,Brock Purdy,YES,NOT_AVAILABLE,13,130.0,BAL,Harvard,no_college_match,,,,,,,v2.0,2026-09-08
246,110,Tim Patrick,WR,NYJ,ACT,WR,5.0,,4351.0,00-0033375,3134353.0,4.673,13.435,62.8,130.8,-68.0,-67.5,241,nfl_history,20.5,25.5,4.007,6.621,3.4,5.06,,13.0,15.0,,-1.66,0.0,0.0,10.0,0.643,31.0,28.0,5.029,1.076,9.06,0.071,0.107,0.821,0.06,JAX,YES,Trevor Lawrence,Geno Smith,YES,NOT_AVAILABLE,9,,,Utah; Grossmont,no_college_match,,,,,,,v2.0,2026-09-08
247,40,Eli Stowers,TE,PHI,ACT,TE,3.0,,13349.0,00-0041483,4431574.0,4.951,11.953,59.2,127.3,-68.1,-68.1,244,draft_capital+college,0.0,50.0,,4.411,,,,,,,,,,,,,,,,,,,,0.0,,no_2025_team,,Jalen Hurts,unknown,NOT_AVAILABLE,0,54.0,PHI,Vanderbilt; New Mexico State; Texas A&M,matched,2025.0,12.0,56.583,0.583,0.167,2.0,v2.0,2026-09-08
248,111,Jordan Whittington,WR,LA,ACT,WR,3.0,,11623.0,00-0039751,4569382.0,4.633,13.435,62.3,130.8,-68.5,-75.5,271,nfl_history,20.5,25.5,3.955,6.621,3.5,4.935,,14.0,13.0,,-1.43,0.0,0.0,6.0,0.148,24.815,27.0,3.314,0.715,5.11,0.0,0.074,0.926,-0.89,LA,no,Matthew Stafford,Matthew Stafford,no,NOT_AVAILABLE,2,213.0,LAR,Texas,no_college_match,,,,,,,v2.0,2026-09-08
249,74,Isaac Guerendo,RB,SF,RES,RB,4.0,,11651.0,00-0039363,4372561.0,6.868,8.847,60.8,129.4,-68.6,-65.1,235,nfl_history,7.5,51.6,6.183,7.511,,6.183,,,15.0,,,0.0,0.0,5.0,0.933,15.133,15.0,7.701,1.121,11.7,0.2,0.2,0.6,0.45,,no_2025_team,,Brock Purdy,unknown,NOT_AVAILABLE,2,129.0,SF,Louisville; Wisconsin,no_college_match,,,,,,,v2.0,2026-09-08
250,75,Braelon Allen,RB,NYJ,ACT,RB,2.0,,11576.0,00-0039794,4685247.0,5.719,10.612,60.7,129.4,-68.7,-70.5,251,nfl_history,12.5,39.0,4.572,7.511,4.825,4.453,,4.0,17.0,,0.37,0.0,0.0,1.0,1.0,16.238,21.0,4.516,0.79,9.2,0.048,0.048,0.714,-0.23,NYJ,no,Justin Fields,Geno Smith,YES,NOT_AVAILABLE,2,134.0,NYJ,Wisconsin,no_college_match,,,,,,,v2.0,2026-09-08
251,112,Gunner Olszewski,WR,NYG,RES,WR,6.0,,6699.0,00-0035645,4424106.0,6.058,10.153,61.5,130.8,-69.3,-67.6,242,nfl_history,11.2,38.5,5.706,6.621,6.167,,1.867,10.0,,6.0,,0.089,0.0,3.0,0.125,8.188,10.0,5.683,0.938,12.364,0.1,0.3,0.7,0.22,NYG,no,Jaxson Dart,Jaxson Dart,no,NOT_AVAILABLE,7,,,Bemidji State University,no_college_match,,,,,,,v2.0,2026-09-08
252,113,Caleb Douglas,WR,MIA,ACT,WR,3.0,,13296.0,00-0041523,4869645.0,5.892,10.441,61.5,130.8,-69.3,-69.3,246,draft_capital+college,0.0,53.8,,6.636,,,,,,,,,,,,,,,,,,,,0.0,,no_2025_team,,Malik Willis,unknown,NOT_AVAILABLE,0,75.0,MIA,Texas Tech; Florida,matched,2025.0,13.0,56.231,1.0,0.308,0.0,v2.0,2026-09-08
253,76,Trey Benson,RB,ARI,RES,RB,5.0,,11589.0,00-0039921,4429275.0,6.138,9.729,59.7,129.4,-69.7,-76.7,273,nfl_history,10.0,44.4,5.04,7.511,7.225,3.583,,4.0,12.0,,3.64,0.0,0.0,3.0,0.5,16.0,16.0,3.448,0.562,7.975,0.0,0.125,0.812,-0.9,ARI,no,Jacoby Brissett,Jacoby Brissett,no,NOT_AVAILABLE,2,66.0,AZ,Florida State; Oregon,no_college_match,,,,,,,v2.0,2026-09-08
254,77,Roschon Johnson,RB,CHI,ACT,RB,3.0,,10235.0,00-0039021,4426386.0,5.81,10.259,59.6,129.4,-69.8,-76.8,274,nfl_history,11.5,41.0,4.628,7.511,0.85,5.338,5.607,2.0,13.0,15.0,-4.49,0.0,0.0,4.0,1.033,22.367,15.0,4.467,0.769,8.56,0.0,0.2,0.667,-0.9,CHI,no,Caleb Williams,Caleb Williams,no,NOT_AVAILABLE,3,115.0,CHI,Texas,no_college_match,,,,,,,v2.0,2026-09-08
255,114,Malachi Fields,WR,NYG,ACT,WR,3.0,,13285.0,00-0041042,4682648.0,5.816,10.479,60.9,130.8,-69.9,-69.9,248,draft_capital+college,0.0,53.8,,6.636,,,,,,,,,,,,,,,,,,,,0.0,,no_2025_team,,Jaxson Dart,unknown,NOT_AVAILABLE,0,74.0,NYG,Notre Dame; Virginia,no_college_match,,,,,,,v2.0,2026-09-08
256,115,Antonio Williams,WR,WAS,ACT,WR,3.0,,13301.0,00-0041040,5081432.0,5.736,10.598,60.8,130.8,-70.0,-70.0,249,draft_capital+college,0.0,53.8,,6.636,,,,,,,,,,,,,,,,,,,,0.0,,no_2025_team,,Jayden Daniels,unknown,NOT_AVAILABLE,0,71.0,WAS,Clemson,matched,2025.0,8.0,75.5,0.75,0.125,2.0,v2.0,2026-09-08
257,116,Isaac TeSlaa,WR,DET,ACT,WR,3.0,,12535.0,00-0040669,5123663.0,5.44,11.141,60.6,130.8,-70.2,-77.2,275,nfl_history,14.0,33.3,4.85,6.621,4.85,,,14.0,,,,0.0,0.0,3.0,0.786,28.286,14.0,5.034,0.925,10.595,0.0,0.143,0.714,-0.89,DET,no,Jared Goff,Jared Goff,no,NOT_AVAILABLE,1,70.0,DET,Arkansas; Hillsdale,matched,2024.0,10.0,54.6,0.9,0.3,0.0,v2.0,2026-09-08
258,78,Jaylen Wright,RB,MIA,ACT,RB,2.0,,11643.0,00-0039874,4682745.0,5.068,11.671,59.2,129.4,-70.2,-72.2,265,nfl_history,15.5,34.0,3.808,7.511,5.078,2.05,,9.0,13.0,,3.03,0.065,0.0,2.0,0.818,13.0,22.0,4.29,0.846,5.255,0.045,0.091,0.864,-0.26,MIA,no,Tua Tagovailoa,Malik Willis,YES,NOT_AVAILABLE,2,120.0,MIA,Tennessee,no_college_match,,,,,,,v2.0,2026-09-08
259,117,Dyami Brown,WR,WAS,ACT,WR,6.0,,7587.0,00-0036626,4361577.0,4.315,13.859,59.8,130.8,-71.0,-78.0,277,nfl_history,21.7,24.4,3.571,6.621,4.091,3.56,1.81,11.0,15.0,16.0,0.53,0.023,1.0,9.0,0.381,24.571,26.0,4.017,0.931,6.85,0.0,0.077,0.885,-0.89,JAX,YES,Trevor Lawrence,Jayden Daniels,YES,NOT_AVAILABLE,5,82.0,WAS,North Carolina,no_college_match,,,,,,,v2.0,2026-09-08
260,118,Ted Hurst III,WR,TB,ACT,WR,4.0,,13317.0,00-0041048,5220680.0,5.915,10.116,59.8,130.8,-71.0,-71.0,253,draft_capital+college,0.0,53.8,,6.636,,,,,,,,,,,,,,,,,,,,0.0,,no_2025_team,,Baker Mayfield,unknown,NOT_AVAILABLE,0,84.0,TB,Georgia State; Valdosta State,matched,2025.0,11.0,86.273,1.182,0.455,0.0,v2.0,2026-09-08
261,79,Will Shipley,RB,PHI,ACT,RB,3.0,,11577.0,00-0039746,4431545.0,4.652,12.553,58.4,129.4,-71.0,-78.0,277,nfl_history,18.0,30.8,3.382,7.511,3.704,2.256,,14.0,8.0,,1.45,0.0,0.0,1.0,0.227,7.909,22.0,2.401,0.516,5.285,0.0,0.0,0.909,-0.9,PHI,no,Jalen Hurts,Jalen Hurts,no,NOT_AVAILABLE,2,127.0,PHI,Clemson,no_college_match,,,,,,,v2.0,2026-09-08
262,119,Jahan Dotson,WR,ATL,ACT,WR,2.0,,8119.0,00-0037741,4361409.0,3.932,15.165,59.6,130.8,-71.2,-78.2,280,nfl_history,25.4,21.6,3.191,6.621,2.973,2.314,5.959,15.0,14.0,17.0,0.66,0.047,1.0,11.0,0.391,43.891,29.0,3.239,0.824,5.06,0.0,0.034,0.931,-0.89,PHI,YES,Jalen Hurts,Tua Tagovailoa,YES,NOT_AVAILABLE,4,16.0,WAS,Penn State,no_college_match,,,,,,,v2.0,2026-09-08
263,120,Travis Hunter,WR,JAX,ACT,WR,4.0,,12530.0,00-0040718,4685415.0,6.867,8.671,59.5,130.8,-71.3,-71.3,259,nfl_history,7.0,50.0,7.114,6.621,7.114,,,7.0,,,,0.143,0.0,5.0,0.857,46.286,7.0,6.427,0.936,9.22,0.143,0.143,0.857,0.0,JAX,no,Trevor Lawrence,Trevor Lawrence,no,NOT_AVAILABLE,1,2.0,JAX,Colorado; Jackson State University,matched,2024.0,13.0,84.846,1.538,0.385,1.0,v2.0,2026-09-08
264,41,Tyler Conklin,TE,DET,ACT,TE,3.0,,5133.0,00-0034270,3915486.0,4.535,12.341,56.0,127.3,-71.3,-68.0,243,nfl_history,17.4,25.6,4.57,4.432,2.133,6.025,5.447,6.0,16.0,17.0,-3.89,0.0,0.0,16.0,0.487,43.718,22.0,4.691,1.034,8.685,0.091,0.182,0.682,0.43,LAC,YES,Justin Herbert,Jared Goff,YES,NOT_AVAILABLE,8,157.0,MIN,Central Michigan; Northwood,no_college_match,,,,,,,v2.0,2026-09-08
265,121,Chris Brazzell II,WR,CAR,RES,WR,7.0,,13353.0,00-0041047,5091739.0,5.85,10.15,59.4,130.8,-71.4,-71.4,260,draft_capital+college,0.0,53.8,,6.636,,,,,,,,,,,,,,,,,,,,0.0,,no_2025_team,,Bryce Young,unknown,NOT_AVAILABLE,0,83.0,CAR,Tennessee; Tulane,matched,2025.0,12.0,80.667,1.083,0.417,6.0,v2.0,2026-09-08
266,122,Derius Davis,WR,LAC,ACT,WR,6.0,,10234.0,00-0038573,4362477.0,4.451,13.329,59.3,130.8,-71.5,-78.5,281,nfl_history,20.2,25.7,3.699,6.621,2.805,4.896,3.872,10.0,14.0,16.0,-2.09,0.0,0.0,2.0,0.2,9.525,24.0,2.915,0.655,6.165,0.0,0.0,0.917,-0.89,LAC,no,Justin Herbert,Justin Herbert,no,NOT_AVAILABLE,3,125.0,LAC,TCU,no_college_match,,,,,,,v2.0,2026-09-08
267,80,Mike Washington Jr.,RB,LV,ACT,,,no_depth_chart_entry,,00-0040878,,6.361,9.096,57.9,129.4,-71.5,-71.5,261,draft_capital+college,0.0,57.1,,7.455,,,,,,,,,,,,,,,,,,,,0.0,,no_2025_team,,Kirk Cousins,unknown,NOT_AVAILABLE,0,122.0,LV,Arkansas; New Mexico State; Buffalo,no_college_match,,,,,,,v2.0,2026-09-08
268,42,Josh Oliver,TE,MIN,ACT,TE,2.0,,5973.0,00-0035249,3921690.0,4.134,13.471,55.7,127.3,-71.6,-68.9,245,nfl_history,20.6,22.6,4.047,4.432,3.958,4.567,3.254,12.0,12.0,13.0,-0.61,0.0,0.0,10.0,0.405,31.27,24.0,4.57,1.106,9.1,0.083,0.125,0.708,0.36,MIN,no,J.J. McCarthy,Kyler Murray,YES,NOT_AVAILABLE,7,69.0,JAX,San Jose State,no_college_match,,,,,,,v2.0,2026-09-08
269,43,Nate Boerkircher,TE,JAX,ACT,TE,2.0,,13299.0,00-0041503,4686248.0,4.722,11.79,55.7,127.3,-71.6,-71.6,262,draft_capital+college,0.0,50.0,,4.411,,,,,,,,,,,,,,,,,,,,0.0,,no_2025_team,,Trevor Lawrence,unknown,NOT_AVAILABLE,0,56.0,JAX,Texas A&M; Nebraska,no_college_match,,,,,,,v2.0,2026-09-08
270,123,Zachariah Branch,WR,ATL,ACT,WR,4.0,,13320.0,00-0041044,4870612.0,5.749,10.292,59.2,130.8,-71.6,-71.6,262,draft_capital+college,0.0,53.8,,6.636,,,,,,,,,,,,,,,,,,,,0.0,,no_2025_team,,Tua Tagovailoa,unknown,NOT_AVAILABLE,0,79.0,ATL,Georgia; USC,no_college_match,,,,,,,v2.0,2026-09-08
271,124,Skyy Moore,WR,GB,ACT,WR,5.0,,8168.0,00-0038090,4430191.0,4.636,12.588,58.4,130.8,-72.4,-79.4,286,nfl_history,18.1,27.9,3.868,6.621,4.307,0.717,3.323,14.0,3.0,13.0,3.59,0.0,0.0,5.0,0.233,21.367,17.0,2.719,0.586,6.48,0.0,0.0,0.941,-0.89,SF,YES,Mac Jones,Jordan Love,YES,NOT_AVAILABLE,4,54.0,KC,Western Michigan,no_college_match,,,,,,,v2.0,2026-09-08
272,44,Noah Gray,TE,KC,ACT,TE,2.0,,7828.0,00-0036637,4240472.0,3.617,15.094,54.6,127.3,-72.7,-71.2,257,nfl_history,25.2,19.2,3.423,4.432,2.021,5.831,3.538,14.0,16.0,16.0,-3.81,0.0,0.0,11.0,0.37,36.5,30.0,4.671,1.291,7.17,0.067,0.133,0.8,0.2,KC,no,Patrick Mahomes,Patrick Mahomes,no,NOT_AVAILABLE,5,162.0,KC,Duke,no_college_match,,,,,,,v2.0,2026-09-08
273,125,Ja'Kobi Lane,WR,BAL,ACT,WR,3.0,,13293.0,00-0040870,4870847.0,5.602,10.256,57.5,130.8,-73.3,-73.3,266,draft_capital+college,0.0,53.8,,6.636,,,,,,,,,,,,,,,,,,,,0.0,,no_2025_team,,Lamar Jackson,unknown,NOT_AVAILABLE,0,80.0,BAL,USC,matched,2025.0,11.0,66.818,0.727,0.364,0.0,v2.0,2026-09-08
274,45,Tommy Tremble,TE,CAR,ACT,TE,1.0,,7694.0,00-0037005,4372780.0,3.766,14.318,53.9,127.3,-73.4,-73.3,266,nfl_history,23.0,20.7,3.593,4.432,3.36,4.49,3.26,15.0,10.0,15.0,-1.13,0.0,0.0,5.0,0.325,38.35,25.0,3.791,1.006,8.08,0.04,0.08,0.76,0.01,CAR,no,Bryce Young,Bryce Young,no,NOT_AVAILABLE,5,83.0,CAR,Notre Dame,no_college_match,,,,,,,v2.0,2026-09-08
275,46,Michael Mayer,TE,LV,ACT,TE,2.0,,9482.0,00-0039066,4429086.0,3.931,13.647,53.6,127.3,-73.7,-71.0,253,nfl_history,21.1,22.1,3.788,4.432,4.254,2.373,4.454,13.0,11.0,13.0,1.88,0.0,0.0,6.0,0.541,40.27,24.0,3.884,0.988,6.02,0.083,0.125,0.875,0.36,LV,no,Geno Smith,Kirk Cousins,YES,NOT_AVAILABLE,3,35.0,LV,Notre Dame,no_college_match,,,,,,,v2.0,2026-09-08
276,126,Pat Bryant,WR,DEN,ACT,WR,5.0,,12492.0,00-0040134,4600981.0,5.282,10.788,57.0,130.8,-73.8,-80.8,297,nfl_history,13.0,35.0,4.562,6.621,4.562,,,13.0,,,,0.0,0.0,4.0,0.615,35.231,13.0,3.497,0.662,7.5,0.0,0.077,0.846,-0.89,DEN,no,Bo Nix,Bo Nix,no,NOT_AVAILABLE,1,74.0,DEN,Illinois,no_college_match,,,,,,,v2.0,2026-09-08
277,47,Mason Taylor,TE,NYJ,ACT,TE,1.0,,12498.0,00-0040736,4808766.0,4.921,10.788,53.1,127.3,-74.2,-79.8,291,nfl_history,13.0,31.6,5.146,4.432,5.146,,,13.0,,,,0.0,0.0,2.0,0.692,50.308,13.0,4.103,0.834,9.58,0.0,0.154,0.692,-0.73,NYJ,no,Justin Fields,Geno Smith,YES,NOT_AVAILABLE,1,42.0,NYJ,LSU,matched,2024.0,12.0,44.75,0.5,0.0,0.0,v2.0,2026-09-08
278,48,Marlin Klein,TE,HOU,ACT,TE,4.0,,13307.0,00-0041472,4695705.0,4.583,11.557,53.0,127.3,-74.3,-74.3,268,draft_capital+college,0.0,50.0,,4.411,,,,,,,,,,,,,,,,,,,,0.0,,no_2025_team,,C.J. Stroud,unknown,NOT_AVAILABLE,0,59.0,HOU,Michigan,matched,2025.0,11.0,22.545,0.364,0.0,1.0,v2.0,2026-09-08
279,81,Malik Davis,RB,DAL,ACT,RB,2.0,,8800.0,00-0037563,4240603.0,5.649,9.729,55.0,129.4,-74.4,-81.4,302,nfl_history,10.0,44.4,4.16,7.511,4.16,,,10.0,,,,0.2,1.0,3.0,0.8,15.5,10.0,4.962,0.878,11.09,0.0,0.2,0.7,-0.9,DAL,no,Dak Prescott,Dak Prescott,no,NOT_AVAILABLE,4,,,Florida,no_college_match,,,,,,,v2.0,2026-09-08
280,127,Savion Williams,WR,GB,RES,WR,7.0,,12482.0,00-0040009,4431487.0,5.405,10.435,56.4,130.8,-74.4,-81.4,302,nfl_history,12.0,36.8,4.696,6.621,4.696,,,12.0,,,,0.0,0.0,1.0,0.417,7.583,12.0,2.567,0.475,5.222,0.0,0.083,0.917,-0.89,GB,no,Jordan Love,Jordan Love,no,NOT_AVAILABLE,1,87.0,GB,TCU,matched,2024.0,12.0,80.167,0.917,0.083,14.0,v2.0,2026-09-08
281,128,Kyle Williams,WR,NE,ACT,WR,5.0,,12547.0,00-0040131,4613202.0,5.05,11.141,56.3,130.8,-74.5,-81.5,304,nfl_history,14.0,33.3,4.264,6.621,4.264,,,14.0,,,,0.071,1.0,3.0,0.0,21.5,14.0,5.669,1.123,10.9,0.0,0.143,0.786,-0.89,NE,no,Drake Maye,Drake Maye,no,NOT_AVAILABLE,1,69.0,NE,Washington State,matched,2024.0,13.0,95.923,1.538,0.385,14.0,v2.0,2026-09-08
282,25,Jacoby Brissett,QB,ARI,ACT,QB,1.0,,3257.0,00-0033119,2578570.0,16.453,12.518,206.0,280.5,-74.5,-62.4,228,nfl_history,17.9,47.2,17.169,15.652,19.889,6.606,14.43,14.0,7.0,2.0,13.28,0.335,1.0,0.0,0.391,52.391,21.0,10.049,0.611,25.7,0.476,0.476,0.476,0.72,ARI,no,,,n/a,NOT_AVAILABLE,10,91.0,NE,N.C. State; Florida,no_college_match,,,,,,,v2.0,2026-09-08
283,82,Rasheen Ali,RB,BAL,ACT,RB,3.0,,11570.0,00-0039796,4690013.0,5.25,10.435,54.8,129.4,-74.6,-81.6,305,nfl_history,12.0,40.0,3.744,7.511,4.225,1.338,,10.0,4.0,,2.89,0.0,0.0,1.0,0.429,10.571,14.0,3.43,0.653,5.43,0.0,0.071,0.857,-0.9,BAL,no,Lamar Jackson,Lamar Jackson,no,NOT_AVAILABLE,2,165.0,BAL,Marshall,no_college_match,,,,,,,v2.0,2026-09-08
284,49,Max Klare,TE,LA,ACT,TE,4.0,,13278.0,00-0041510,4833029.0,4.611,11.408,52.6,127.3,-74.7,-74.7,269,draft_capital+college,0.0,50.0,,4.411,,,,,,,,,,,,,,,,,,,,0.0,,no_2025_team,,Matthew Stafford,unknown,NOT_AVAILABLE,0,61.0,LAR,Ohio State; Purdue,no_college_match,,,,,,,v2.0,2026-09-08
285,83,LeQuint Allen Jr.,RB,JAX,ACT,RB,3.0,,12544.0,00-0040238,4911851.0,4.614,11.847,54.7,129.4,-74.7,-81.7,306,nfl_history,16.0,33.3,3.166,7.511,3.166,,,16.0,,,,0.0,0.0,0.0,0.375,15.5,16.0,2.04,0.442,5.55,0.0,0.0,0.938,-0.9,JAX,no,Trevor Lawrence,Trevor Lawrence,no,NOT_AVAILABLE,1,236.0,JAX,Syracuse,matched,2024.0,13.0,119.077,0.846,0.0,16.0,v2.0,2026-09-08
286,84,Ollie Gordon II,RB,MIA,ACT,RB,3.0,,12495.0,00-0040198,4711533.0,4.477,12.2,54.6,129.4,-74.8,-81.8,308,nfl_history,17.0,32.0,3.05,7.511,3.05,,,17.0,,,,0.0,0.0,2.0,1.235,13.059,17.0,4.525,1.011,8.96,0.0,0.118,0.765,-0.9,MIA,no,Tua Tagovailoa,Malik Willis,YES,NOT_AVAILABLE,1,179.0,MIA,Oklahoma State,matched,2024.0,12.0,85.833,0.5,0.167,10.0,v2.0,2026-09-08
287,85,Tyler Badie,RB,DEN,ACT,RB,4.0,,8208.0,00-0037085,4362748.0,4.413,12.376,54.6,129.4,-74.8,-81.8,308,nfl_history,17.5,31.4,2.997,7.511,3.031,2.633,,16.0,3.0,,0.4,0.0,0.0,1.0,0.368,11.211,19.0,2.43,0.551,5.935,0.0,0.0,0.947,-0.9,DEN,no,Bo Nix,Bo Nix,no,NOT_AVAILABLE,4,196.0,BAL,Missouri,no_college_match,,,,,,,v2.0,2026-09-08
288,86,Ty Chandler,RB,NO,RES,RB,5.0,,8230.0,00-0037276,4242431.0,5.554,9.835,54.6,129.4,-74.8,-81.8,308,nfl_history,10.3,43.7,4.033,7.511,3.65,2.823,6.686,2.0,11.0,14.0,0.83,0.019,0.0,4.0,0.852,18.519,13.0,2.328,0.419,5.06,0.0,0.0,0.923,-0.9,MIN,YES,J.J. McCarthy,Tyler Shough,YES,NOT_AVAILABLE,4,169.0,MIN,North Carolina,no_college_match,,,,,,,v2.0,2026-09-08
289,50,Darnell Washington,TE,PIT,ACT,TE,2.0,,9479.0,00-0038558,4430802.0,3.807,13.647,52.0,127.3,-75.3,-80.9,298,nfl_history,21.1,22.1,3.629,4.432,4.377,2.731,1.2,13.0,13.0,8.0,1.65,0.0,0.0,6.0,0.382,35.647,26.0,2.366,0.622,6.4,0.0,0.077,0.885,-0.73,PIT,no,Aaron Rodgers,Aaron Rodgers,no,NOT_AVAILABLE,3,93.0,PIT,Georgia,no_college_match,,,,,,,v2.0,2026-09-08
290,87,Trevor Etienne,RB,CAR,RES,RB,4.0,,12531.0,00-0040644,4685350.0,4.854,11.141,54.1,129.4,-75.3,-82.3,314,nfl_history,14.0,36.4,3.336,7.511,3.336,,,14.0,,,,0.0,0.0,1.0,0.286,4.5,14.0,2.492,0.513,5.768,0.0,0.0,0.929,-0.9,CAR,no,Bryce Young,Bryce Young,no,NOT_AVAILABLE,1,114.0,CAR,Georgia; Florida,matched,2024.0,10.0,82.4,0.5,0.2,9.0,v2.0,2026-09-08
291,51,Gunnar Helm,TE,TEN,ACT,TE,1.0,,12502.0,00-0040584,4686728.0,4.377,11.847,51.9,127.3,-75.4,-81.0,299,nfl_history,16.0,27.3,4.356,4.432,4.356,,,16.0,,,,0.0,0.0,2.0,0.5,33.312,16.0,3.386,0.774,7.475,0.0,0.188,0.812,-0.73,TEN,no,Cam Ward,Cam Ward,no,NOT_AVAILABLE,1,120.0,TEN,Texas,matched,2024.0,16.0,45.75,0.812,0.062,7.0,v2.0,2026-09-08
292,129,Xavier Smith,WR,LA,ACT,WR,6.0,,11168.0,00-0038359,4386544.0,4.396,12.553,55.2,130.8,-75.6,-82.6,317,nfl_history,18.0,28.0,3.531,6.621,4.079,1.612,,14.0,8.0,,2.47,0.0,0.0,6.0,0.136,11.955,22.0,2.861,0.651,5.12,0.0,0.0,0.909,-0.89,LA,no,Matthew Stafford,Matthew Stafford,no,NOT_AVAILABLE,3,,,Florida A&M,no_college_match,,,,,,,v2.0,2026-09-08
293,130,Lil'Jordan Humphrey,WR,DEN,ACT,WR,6.0,,5938.0,00-0035406,4039057.0,4.62,11.918,55.1,130.8,-75.7,-82.7,318,nfl_history,16.2,30.2,3.756,6.621,4.014,3.486,3.791,7.0,14.0,11.0,0.53,0.043,2.0,8.0,0.438,33.0,21.0,3.777,0.818,7.0,0.0,0.048,0.857,-0.89,DEN,no,Bo Nix,Bo Nix,no,NOT_AVAILABLE,7,,,Texas,no_college_match,,,,,,,v2.0,2026-09-08
294,131,Matthew Golden,WR,GB,ACT,WR,3.0,,12501.0,00-0040667,4701936.0,4.916,11.141,54.8,130.8,-76.0,-83.0,321,nfl_history,14.0,33.3,4.064,6.621,4.064,,,14.0,,,,0.0,0.0,7.0,0.286,32.286,14.0,3.711,0.755,8.542,0.0,0.071,0.857,-0.89,GB,no,Jordan Love,Jordan Love,no,NOT_AVAILABLE,1,23.0,GB,Texas; Houston,matched,2024.0,15.0,56.933,1.2,0.333,9.0,v2.0,2026-09-08
295,132,Chris Bell,WR,MIA,ACT,WR,4.0,,13311.0,00-0041525,4869961.0,5.582,9.794,54.7,130.8,-76.1,-76.1,272,draft_capital+college,0.0,53.8,,6.636,,,,,,,,,,,,,,,,,,,,0.0,,no_2025_team,,Malik Willis,unknown,NOT_AVAILABLE,0,94.0,MIA,Louisville,matched,2025.0,11.0,84.0,0.909,0.091,0.0,v2.0,2026-09-08
296,133,Jaylin Lane,WR,WAS,ACT,WR,7.0,,12641.0,00-0040164,4602667.0,4.729,11.494,54.4,130.8,-76.4,-83.4,323,nfl_history,15.0,31.8,3.847,6.621,3.847,,,15.0,,,,0.0,0.0,3.0,0.133,23.2,15.0,3.871,0.818,7.645,0.0,0.067,0.8,-0.89,WAS,no,Marcus Mariota,Jayden Daniels,YES,NOT_AVAILABLE,1,128.0,WAS,Virginia Tech; Middle Tennessee State,matched,2024.0,12.0,48.417,0.833,0.167,5.0,v2.0,2026-09-08
297,134,Kameron Johnson,WR,TB,ACT,WR,6.0,,11994.0,00-0039589,5097554.0,4.525,11.847,53.6,130.8,-77.2,-84.2,330,nfl_history,16.0,30.4,3.608,6.621,4.064,0.413,,14.0,4.0,,3.65,0.0,0.0,1.0,0.056,8.444,18.0,4.101,0.906,6.608,0.0,0.056,0.944,-0.89,TB,no,Baker Mayfield,Baker Mayfield,no,NOT_AVAILABLE,2,,,Barton College,no_college_match,,,,,,,v2.0,2026-09-08
298,135,Bo Melton,WR,GB,ACT,WR,4.0,,8204.0,00-0037091,4259305.0,4.327,12.306,53.2,130.8,-77.6,-84.6,332,nfl_history,17.3,28.8,3.399,6.621,4.14,1.481,9.725,10.0,13.0,4.0,2.66,0.069,1.0,6.0,0.185,16.778,23.0,3.229,0.746,4.5,0.0,0.043,0.957,-0.89,GB,no,Jordan Love,Jordan Love,no,NOT_AVAILABLE,4,229.0,SEA,Rutgers,no_college_match,,,,,,,v2.0,2026-09-08
299,136,Malachi Corley,WR,CLE,ACT,WR,6.0,,11617.0,00-0039920,4613104.0,4.6,11.318,52.1,130.8,-78.7,-85.7,340,nfl_history,14.5,32.6,3.624,6.621,4.225,0.74,,12.0,5.0,,3.49,0.0,0.0,2.0,0.412,15.765,17.0,3.016,0.656,5.31,0.0,0.0,0.941,-0.89,CLE,no,Shedeur Sanders,Deshaun Watson,YES,NOT_AVAILABLE,2,65.0,NYJ,Western Kentucky,no_college_match,,,,,,,v2.0,2026-09-08
300,137,Tre Harris,WR,LAC,ACT,WR,3.0,,12509.0,00-0040727,4686612.0,4.38,11.847,51.9,130.8,-78.9,-85.9,342,nfl_history,16.0,30.4,3.4,6.621,3.4,,,16.0,,,,0.0,0.0,3.0,0.375,33.125,16.0,2.375,0.542,5.975,0.0,0.0,1.0,-0.89,LAC,no,Justin Herbert,Justin Herbert,no,NOT_AVAILABLE,1,55.0,LAC,Mississippi; Louisiana Tech,matched,2024.0,8.0,126.875,1.875,0.75,7.0,v2.0,2026-09-08
301,138,Zavion Thomas,WR,CHI,ACT,WR,4.0,,13411.0,00-0041051,4869748.0,5.219,9.95,51.9,130.8,-78.9,-78.9,284,draft_capital+college,0.0,53.8,,6.636,,,,,,,,,,,,,,,,,,,,0.0,,no_2025_team,,Caleb Williams,unknown,NOT_AVAILABLE,0,89.0,CHI,LSU; Mississippi State,matched,2025.0,11.0,34.364,0.364,0.273,1.0,v2.0,2026-09-08
302,139,Nikko Remigio,WR,KC,ACT,WR,6.0,,11320.0,00-0038519,4372716.0,5.134,10.082,51.8,130.8,-79.0,-86.0,343,nfl_history,11.0,38.9,4.189,6.621,3.983,5.113,,9.0,4.0,,-1.13,0.0,0.0,3.0,0.0,5.385,13.0,2.369,0.461,6.86,0.0,0.0,1.0,-0.89,KC,no,Patrick Mahomes,Patrick Mahomes,no,NOT_AVAILABLE,3,,,Fresno State,no_college_match,,,,,,,v2.0,2026-09-08
303,140,Brenen Thompson,WR,LAC,ACT,WR,4.0,,13380.0,00-0041550,4685553.0,5.457,9.477,51.7,130.8,-79.1,-79.1,285,draft_capital+college,0.0,53.8,,6.636,,,,,,,,,,,,,,,,,,,,0.0,,no_2025_team,,Justin Herbert,unknown,NOT_AVAILABLE,0,105.0,LAC,Mississippi State; Texas,no_college_match,,,,,,,v2.0,2026-09-08
304,52,Ja'Tavion Sanders,TE,CAR,ACT,TE,4.0,,11600.0,00-0039356,4431588.0,3.684,13.082,48.2,127.3,-79.1,-84.7,333,nfl_history,19.5,23.5,3.454,4.432,3.292,3.713,,12.0,15.0,,-0.42,0.0,0.0,6.0,0.593,32.741,27.0,3.26,0.885,7.81,0.0,0.148,0.741,-0.73,CAR,no,Bryce Young,Bryce Young,no,NOT_AVAILABLE,2,101.0,CAR,Texas,no_college_match,,,,,,,v2.0,2026-09-08
305,26,Kyler Murray,QB,MIN,ACT,QB,1.0,,5849.0,00-0035228,3917315.0,17.457,11.529,201.3,280.5,-79.2,-77.3,276,nfl_history,15.1,51.4,19.369,15.652,17.956,20.073,20.045,5.0,17.0,8.0,-2.12,0.212,5.0,10.0,1.1,64.033,22.0,7.899,0.452,26.168,0.318,0.318,0.409,0.11,ARI,YES,,,n/a,NOT_AVAILABLE,7,1.0,AZ,Oklahoma; Texas A&M,no_college_match,,,,,,,v2.0,2026-09-08
306,141,Devin Duvernay,WR,ARI,ACT,WR,6.0,,6847.0,00-0036331,4039050.0,4.596,11.212,51.5,130.8,-79.3,-86.3,346,nfl_history,14.2,33.0,3.599,6.621,4.417,3.217,2.409,6.0,12.0,11.0,1.2,0.0,0.0,2.0,0.207,12.621,18.0,2.548,0.554,6.485,0.0,0.0,0.944,-0.89,CHI,YES,Caleb Williams,Jacoby Brissett,YES,NOT_AVAILABLE,6,92.0,BAL,Texas,no_college_match,,,,,,,v2.0,2026-09-08
307,142,Ashton Dulin,WR,IND,ACT,WR,4.0,,6427.0,00-0035021,4061956.0,4.037,12.729,51.4,130.8,-79.4,-86.4,347,nfl_history,18.5,27.5,3.059,6.621,3.608,2.046,,12.0,13.0,,1.56,0.027,1.0,5.0,0.2,13.12,25.0,3.178,0.787,6.0,0.0,0.04,0.96,-0.89,IND,no,Daniel Jones,Daniel Jones,no,NOT_AVAILABLE,7,,,Malone,no_college_match,,,,,,,v2.0,2026-09-08
308,88,Raheim Sanders,RB,CLE,ACT,RB,3.0,,12472.0,00-0040466,4601080.0,6.574,7.612,50.0,129.4,-79.4,-79.4,286,nfl_history,4.0,66.7,4.7,7.511,4.7,,,4.0,,,,0.0,0.0,0.0,1.75,14.75,4.0,1.257,0.191,5.76,0.0,0.0,1.0,0.0,CLE,no,Shedeur Sanders,Deshaun Watson,YES,NOT_AVAILABLE,1,,,South Carolina; Arkansas,matched,2024.0,12.0,99.333,1.083,0.25,13.0,v2.0,2026-09-08
309,143,Devontez Walker,WR,BAL,ACT,WR,4.0,,11629.0,00-0039792,4696882.0,5.683,9.024,51.3,130.8,-79.5,-86.5,348,nfl_history,8.0,46.7,4.862,6.621,4.943,4.3,,7.0,2.0,,0.64,0.0,0.0,5.0,0.111,15.111,9.0,5.831,1.026,11.0,0.0,0.222,0.778,-0.89,BAL,no,Lamar Jackson,Lamar Jackson,no,NOT_AVAILABLE,2,113.0,BAL,North Carolina; Kent State; North Carolina Central,no_college_match,,,,,,,v2.0,2026-09-08
310,144,Tyrell Shavers,WR,BUF,RES,WR,6.0,,11377.0,00-0038679,4241476.0,5.002,10.259,51.3,130.8,-79.5,-78.6,283,nfl_history,11.5,37.8,4.017,6.621,3.545,14.4,,11.0,1.0,,-10.85,0.13,2.0,8.0,0.0,24.917,12.0,5.761,1.152,8.03,0.083,0.083,0.833,0.12,BUF,no,Josh Allen,Josh Allen,no,NOT_AVAILABLE,3,,,San Diego State; Mississippi State; Alabama,no_college_match,,,,,,,v2.0,2026-09-08
311,89,AJ Dillon,RB,CAR,ACT,RB,3.0,,6828.0,00-0036265,4239934.0,5.309,9.376,49.8,129.4,-79.6,-79.6,288,nfl_history,9.0,47.1,3.352,7.511,1.475,,7.107,6.0,,15.0,,0.0,0.0,5.0,1.905,25.667,6.0,0.564,0.106,1.988,0.0,0.0,1.0,0.0,PHI,YES,Jalen Hurts,Bryce Young,YES,NOT_AVAILABLE,6,62.0,GB,Boston College,no_college_match,,,,,,,v2.0,2026-09-08
312,53,Sam Roush,TE,CHI,ACT,TE,3.0,,13322.0,00-0041558,4685504.0,4.385,10.857,47.6,127.3,-79.7,-79.7,289,draft_capital+college,0.0,50.0,,4.411,,,,,,,,,,,,,,,,,,,,0.0,,no_2025_team,,Caleb Williams,unknown,NOT_AVAILABLE,0,69.0,CHI,Stanford,matched,2025.0,11.0,48.636,0.364,0.182,0.0,v2.0,2026-09-08
313,54,Daniel Bellinger,TE,TEN,ACT,TE,2.0,,8225.0,00-0038115,4361516.0,3.419,13.894,47.5,127.3,-79.8,-79.7,289,nfl_history,21.8,21.6,3.14,4.432,3.931,1.625,2.714,13.0,12.0,14.0,2.31,0.046,1.0,8.0,0.205,34.692,25.0,4.087,1.196,5.8,0.04,0.12,0.88,0.01,NYG,YES,Jaxson Dart,Cam Ward,YES,NOT_AVAILABLE,4,112.0,NYG,San Diego State,no_college_match,,,,,,,v2.0,2026-09-08
314,90,Jordan James,RB,SF,ACT,RB,3.0,,12467.0,00-0040177,4685397.0,5.808,8.487,49.3,129.4,-80.1,-80.1,292,draft_capital+college,0.0,57.1,,7.455,,,,,,,,,,,,,,,,,,,,0.0,,no_2025_team,,Brock Purdy,unknown,NOT_AVAILABLE,1,147.0,SF,Oregon,matched,2024.0,14.0,103.571,0.286,0.071,15.0,v2.0,2026-09-08
315,55,Oscar Delp,TE,NO,ACT,TE,3.0,,13319.0,00-0041041,4702559.0,4.448,10.605,47.2,127.3,-80.1,-80.1,292,draft_capital+college,0.0,50.0,,4.411,,,,,,,,,,,,,,,,,,,,0.0,,no_2025_team,,Tyler Shough,unknown,NOT_AVAILABLE,0,73.0,NO,Georgia,matched,2025.0,10.0,25.3,0.5,0.0,0.0,v2.0,2026-09-08
316,91,Chris Brooks,RB,GB,ACT,RB,2.0,,11370.0,00-0038685,3149687.0,3.433,14.353,49.3,129.4,-80.1,-87.1,354,nfl_history,23.1,25.7,2.02,7.511,1.541,3.336,3.533,17.0,11.0,3.0,-1.8,0.0,0.0,3.0,0.645,12.903,28.0,2.269,0.661,4.185,0.0,0.0,0.964,-0.9,GB,no,Jordan Love,Jordan Love,no,NOT_AVAILABLE,3,,,BYU; California,matched,2025.0,8.0,15.5,0.0,0.0,0.0,v2.0,2026-09-08
317,56,Greg Dulcich,TE,MIA,ACT,TE,1.0,,8172.0,00-0037252,4367209.0,4.589,10.224,46.9,127.3,-80.4,-78.1,279,nfl_history,11.4,34.5,4.671,4.432,5.533,1.325,2.0,9.0,4.0,2.0,4.21,0.0,0.0,7.0,0.6,24.533,13.0,3.512,0.765,5.96,0.077,0.077,0.923,0.3,MIA,no,Tua Tagovailoa,Malik Willis,YES,NOT_AVAILABLE,4,80.0,DEN,UCLA,no_college_match,,,,,,,v2.0,2026-09-08
318,92,Brittain Brown,RB,CHI,RES,RB,4.0,,8423.0,00-0037329,4036032.0,7.093,6.906,49.0,129.4,-80.4,-80.4,294,nfl_history,2.0,80.0,5.425,7.511,5.425,,,2.0,,,,0.0,0.0,1.0,0.0,7.5,2.0,7.672,1.082,9.222,0.0,0.5,0.5,0.0,CHI,no,Caleb Williams,Caleb Williams,no,NOT_AVAILABLE,4,250.0,LV,UCLA,no_college_match,,,,,,,v2.0,2026-09-08
319,93,Max Bredeson,RB,MIN,ACT,,,no_depth_chart_entry,,00-0041081,4878695.0,5.939,8.23,48.9,129.4,-80.5,-80.5,295,draft_capital+college,0.0,57.1,,7.455,,,,,,,,,,,,,,,,,,,,0.0,,no_2025_team,,Kyler Murray,unknown,NOT_AVAILABLE,0,159.0,MIN,Michigan,no_college_match,,,,,,,v2.0,2026-09-08
320,94,Emmett Johnson,RB,KC,ACT,RB,2.0,,13337.0,00-0041013,4832955.0,5.955,8.189,48.8,129.4,-80.6,-80.6,296,draft_capital+college,0.0,57.1,,7.455,,,,,,,,,,,,,,,,,,,,0.0,,no_2025_team,,Patrick Mahomes,unknown,NOT_AVAILABLE,0,161.0,KC,Nebraska,matched,2025.0,12.0,143.167,0.75,0.333,8.0,v2.0,2026-09-08
321,95,Jacob Saylors,RB,DET,ACT,RB,3.0,,11237.0,00-0038896,4383429.0,6.34,7.612,48.3,129.4,-81.1,-81.1,300,nfl_history,4.0,66.7,4.0,7.511,4.0,,,4.0,,,,0.0,0.0,0.0,0.0,2.0,4.0,2.36,0.372,5.678,0.0,0.0,1.0,0.0,DET,no,Jared Goff,Jared Goff,no,NOT_AVAILABLE,3,,,East Tennessee State,no_college_match,,,,,,,v2.0,2026-09-08
322,145,Elijah Sarratt,WR,BAL,ACT,WR,5.0,,13268.0,00-0040876,5088338.0,5.384,9.216,49.6,130.8,-81.2,-81.2,301,draft_capital+college,0.0,53.8,,6.636,,,,,,,,,,,,,,,,,,,,0.0,,no_2025_team,,Lamar Jackson,unknown,NOT_AVAILABLE,0,115.0,BAL,Indiana; James Madison; St. Francis PA,matched,2025.0,13.0,55.923,0.923,0.077,0.0,v2.0,2026-09-08
323,96,Ronnie Rivers,RB,LA,ACT,RB,3.0,,8195.0,00-0037557,4243003.0,5.567,8.635,48.1,129.4,-81.3,-88.3,356,nfl_history,6.9,53.7,3.314,7.511,3.817,3.16,2.514,3.0,5.0,7.0,0.66,0.0,0.0,0.0,0.267,12.8,8.0,3.419,0.614,5.588,0.0,0.125,0.875,-0.9,LA,no,Matthew Stafford,Matthew Stafford,no,NOT_AVAILABLE,4,,,Fresno State,no_college_match,,,,,,,v2.0,2026-09-08
324,57,Foster Moreau,TE,HOU,ACT,TE,2.0,,5985.0,00-0034981,3843945.0,3.678,12.412,45.7,127.3,-81.6,-78.5,281,nfl_history,17.6,25.4,3.421,4.432,1.343,5.456,2.754,7.0,16.0,13.0,-4.11,0.0,0.0,8.0,0.389,37.611,23.0,4.098,1.114,8.27,0.087,0.13,0.696,0.4,NO,YES,Tyler Shough,C.J. Stroud,YES,NOT_AVAILABLE,7,137.0,OAK,LSU,no_college_match,,,,,,,v2.0,2026-09-08
325,97,Hunter Luepke,RB,DAL,ACT,,,no_depth_chart_entry,11510.0,00-0038738,4383396.0,3.336,14.318,47.8,129.4,-81.6,-88.6,357,nfl_history,23.0,25.8,1.884,7.511,2.179,1.493,1.195,14.0,14.0,10.0,0.69,0.0,0.0,1.0,0.263,15.816,28.0,2.029,0.608,3.96,0.0,0.036,0.964,-0.9,DAL,no,Dak Prescott,Dak Prescott,no,NOT_AVAILABLE,3,,,North Dakota State,no_college_match,,,,,,,v2.0,2026-09-08
326,146,Ke'Shawn Williams,WR,CIN,ACT,WR,6.0,,12971.0,00-0040534,4570738.0,5.66,8.671,49.1,130.8,-81.7,-81.7,306,nfl_history,7.0,50.0,4.7,6.621,4.7,,,7.0,,,,0.0,0.0,0.0,0.0,3.286,7.0,1.177,0.208,5.33,0.0,0.0,1.0,0.0,PIT,YES,Aaron Rodgers,Joe Burrow,YES,NOT_AVAILABLE,1,,,Indiana; Wake Forest,matched,2024.0,12.0,38.0,0.25,0.083,0.0,v2.0,2026-09-08
327,147,Skyler Bell,WR,BUF,ACT,WR,5.0,,13402.0,00-0041443,4683153.0,5.453,8.978,49.0,130.8,-81.8,-81.8,308,draft_capital+college,0.0,53.8,,6.636,,,,,,,,,,,,,,,,,,,,0.0,,no_2025_team,,Josh Allen,unknown,NOT_AVAILABLE,0,125.0,BUF,Connecticut; Wisconsin,matched,2025.0,12.0,94.0,1.167,0.333,0.0,v2.0,2026-09-08
328,58,Elijah Higgins,TE,ARI,ACT,TE,2.0,,10231.0,00-0039041,4426844.0,2.91,15.624,45.5,127.3,-81.8,-82.5,316,nfl_history,26.7,18.3,2.568,4.432,2.535,2.613,2.664,17.0,15.0,11.0,-0.08,0.0,0.0,8.0,0.233,23.977,32.0,2.776,0.954,4.435,0.031,0.062,0.938,-0.09,ARI,no,Jacoby Brissett,Jacoby Brissett,no,NOT_AVAILABLE,3,197.0,MIA,Stanford,no_college_match,,,,,,,v2.0,2026-09-08
329,148,Bryce Lance,WR,NO,ACT,WR,3.0,,13420.0,00-0041067,4879276.0,5.559,8.736,48.6,130.8,-82.2,-82.2,313,draft_capital+college,0.0,53.8,,6.636,,,,,,,,,,,,,,,,,,,,0.0,,no_2025_team,,Tyler Shough,unknown,NOT_AVAILABLE,0,136.0,NO,North Dakota State,matched,2025.0,12.0,82.25,1.5,0.583,1.0,v2.0,2026-09-08
330,98,Trey Sermon,RB,ATL,RES,RB,3.0,,7593.0,00-0036984,4241401.0,4.824,9.765,47.1,129.4,-82.3,-83.1,322,nfl_history,10.1,44.2,2.697,7.511,0.0,3.13,2.35,1.0,15.0,8.0,-3.13,0.0,0.0,1.0,0.792,14.25,16.0,3.81,0.79,4.775,0.062,0.062,0.875,-0.1,PIT,YES,Aaron Rodgers,Tua Tagovailoa,YES,NOT_AVAILABLE,5,88.0,SF,Ohio State; Oklahoma,no_college_match,,,,,,,v2.0,2026-09-08
331,149,Myles Price,WR,MIN,ACT,WR,5.0,,13075.0,00-0040506,4430656.0,6.091,7.965,48.5,130.8,-82.3,-82.3,314,nfl_history,5.0,58.3,5.35,6.621,5.35,,,5.0,,,,0.0,0.0,0.0,0.0,3.4,5.0,2.667,0.438,7.67,0.0,0.0,1.0,0.0,MIN,no,J.J. McCarthy,Kyler Murray,YES,NOT_AVAILABLE,1,,,Indiana; Texas Tech,matched,2024.0,13.0,38.846,0.615,0.077,1.0,v2.0,2026-09-08
332,59,Adam Trautman,TE,DEN,ACT,TE,2.0,,6869.0,00-0036422,3911853.0,3.158,14.212,44.9,127.3,-82.4,-82.7,318,nfl_history,22.7,20.9,2.821,4.432,2.731,2.869,3.088,13.0,13.0,16.0,-0.14,0.0,0.0,7.0,0.452,40.024,26.0,3.731,1.182,4.7,0.038,0.115,0.885,-0.04,DEN,no,Bo Nix,Bo Nix,no,NOT_AVAILABLE,6,105.0,NO,Dayton,no_college_match,,,,,,,v2.0,2026-09-08
333,150,Efton Chism III,WR,NE,ACT,WR,6.0,,12542.0,00-0040563,4695193.0,5.366,9.024,48.4,130.8,-82.4,-89.4,362,nfl_history,8.0,46.7,4.269,6.621,4.269,,,8.0,,,,0.0,0.0,2.0,0.125,11.5,8.0,3.168,0.59,6.328,0.0,0.125,0.875,-0.89,NE,no,Drake Maye,Drake Maye,no,NOT_AVAILABLE,1,,,Eastern Washington,matched,2024.0,10.0,91.1,1.5,0.3,10.0,v2.0,2026-09-08
334,151,Isaiah Bond,WR,CLE,ACT,WR,4.0,,12503.0,00-0040782,4808839.0,4.204,11.494,48.3,130.8,-82.5,-89.5,363,nfl_history,15.0,31.8,3.077,6.621,3.077,,,15.0,,,,0.0,0.0,5.0,0.267,31.267,15.0,2.831,0.673,6.51,0.0,0.0,0.933,-0.89,CLE,no,Shedeur Sanders,Deshaun Watson,YES,NOT_AVAILABLE,1,,,Texas; Alabama,matched,2024.0,13.0,43.692,0.769,0.154,6.0,v2.0,2026-09-08
335,99,George Holani,RB,SEA,ACT,RB,2.0,,12048.0,00-0039299,4429835.0,5.849,7.965,46.6,129.4,-82.8,-82.8,320,nfl_history,5.0,61.5,3.19,7.511,3.812,0.7,,4.0,2.0,,3.11,0.0,0.0,0.0,0.833,6.833,6.0,3.283,0.561,4.675,0.0,0.0,0.833,0.0,SEA,no,Sam Darnold,Sam Darnold,no,NOT_AVAILABLE,2,,,Boise State,no_college_match,,,,,,,v2.0,2026-09-08
336,152,Mason Tipton,WR,NO,RES,WR,6.0,,11895.0,00-0039623,4573697.0,4.519,10.612,48.0,130.8,-82.8,-89.8,367,nfl_history,12.5,35.9,3.342,6.621,4.1,1.994,,8.0,9.0,,2.11,0.0,0.0,0.0,0.176,33.118,17.0,2.793,0.618,6.22,0.0,0.0,0.882,-0.89,NO,no,Tyler Shough,Tyler Shough,no,NOT_AVAILABLE,2,,,Yale,no_college_match,,,,,,,v2.0,2026-09-08
337,153,David Sills,WR,TB,RES,WR,7.0,,6154.0,00-0035359,3871102.0,4.55,10.435,47.5,130.8,-83.3,-90.3,369,nfl_history,12.0,36.8,3.342,6.621,3.342,,,12.0,,,,0.0,0.0,3.0,0.5,40.417,12.0,3.917,0.861,8.535,0.0,0.0,0.833,-0.89,ATL,YES,Michael Penix Jr.,Baker Mayfield,YES,NOT_AVAILABLE,7,,,West Virginia,no_college_match,,,,,,,v2.0,2026-09-08
338,100,Kene Nwangwu,RB,NYJ,ACT,RB,4.0,,7720.0,00-0036842,4035537.0,6.02,7.647,46.0,129.4,-83.4,-83.4,323,nfl_history,4.1,66.1,3.112,7.511,4.017,0.0,1.183,3.0,1.0,3.0,4.02,0.0,0.0,0.0,0.429,6.0,4.0,3.936,0.654,5.65,0.0,0.25,0.75,0.0,NYJ,no,Justin Fields,Geno Smith,YES,NOT_AVAILABLE,5,119.0,MIN,Iowa State,no_college_match,,,,,,,v2.0,2026-09-08
339,101,Nicholas Singleton,RB,TEN,ACT,RB,3.0,,13288.0,00-0040886,4685555.0,5.677,8.109,46.0,129.4,-83.4,-83.4,323,draft_capital+college,0.0,57.1,,7.455,,,,,,,,,,,,,,,,,,,,0.0,,no_2025_team,,Cam Ward,unknown,NOT_AVAILABLE,0,165.0,TEN,Penn State,matched,2025.0,12.0,59.0,0.333,0.25,6.0,v2.0,2026-09-08
340,102,MarShawn Lloyd,RB,GB,ACT,RB,1.0,,11581.0,00-0039811,4429023.0,7.204,6.376,45.9,129.4,-83.5,-83.5,326,nfl_history,0.5,94.1,2.3,7.511,,2.3,,,1.0,,,0.0,0.0,0.0,0.0,10.0,1.0,,,2.3,0.0,0.0,1.0,0.0,,no_2025_team,,Jordan Love,unknown,NOT_AVAILABLE,2,88.0,GB,USC; South Carolina,no_college_match,,,,,,,v2.0,2026-09-08
341,60,Terrance Ferguson,TE,LA,ACT,TE,3.0,,12487.0,00-0040737,4570037.0,4.305,10.082,43.4,127.3,-83.9,-89.5,363,nfl_history,11.0,35.3,4.236,4.432,4.236,,,11.0,,,,0.0,0.0,7.0,0.364,30.636,11.0,4.772,1.108,10.2,0.0,0.091,0.727,-0.73,LA,no,Matthew Stafford,Matthew Stafford,no,NOT_AVAILABLE,1,46.0,LAR,Oregon,matched,2024.0,12.0,42.0,0.917,0.083,0.0,v2.0,2026-09-08
342,61,Davis Allen,TE,LA,ACT,TE,5.0,,10214.0,00-0039074,4426553.0,3.28,13.224,43.4,127.3,-83.9,-89.5,363,nfl_history,19.9,23.2,2.932,4.432,3.387,0.986,2.929,15.0,7.0,7.0,2.4,0.0,0.0,3.0,0.483,29.966,22.0,2.76,0.841,5.795,0.0,0.0,0.864,-0.73,LA,no,Matthew Stafford,Matthew Stafford,no,NOT_AVAILABLE,3,175.0,LAR,Clemson,no_college_match,,,,,,,v2.0,2026-09-08
343,103,Connor Heyward,RB,LV,ACT,,,no_depth_chart_entry,8181.0,00-0037304,4241961.0,3.186,14.247,45.4,129.4,-84.0,-91.0,374,nfl_history,22.8,26.0,1.668,7.511,1.85,1.083,2.014,14.0,12.0,14.0,0.77,0.0,0.0,1.0,0.325,15.275,26.0,2.753,0.864,3.55,0.0,0.038,0.885,-0.9,PIT,YES,Aaron Rodgers,Kirk Cousins,YES,NOT_AVAILABLE,4,208.0,PIT,Michigan State,no_college_match,,,,,,,v2.0,2026-09-08
344,104,Dylan Laube,RB,LV,ACT,RB,3.0,,11574.0,00-0039407,4366963.0,5.458,8.318,45.4,129.4,-84.0,-84.0,328,nfl_history,6.0,57.1,2.721,7.511,3.37,-0.525,,5.0,2.0,,3.9,0.0,0.0,0.0,0.0,4.143,7.0,2.526,0.463,4.765,0.0,0.0,1.0,0.0,LV,no,Geno Smith,Kirk Cousins,YES,NOT_AVAILABLE,2,208.0,LV,New Hampshire,no_college_match,,,,,,,v2.0,2026-09-08
345,105,Adam Randall,RB,BAL,RES,RB,4.0,,13302.0,00-0040888,4685526.0,5.714,7.935,45.3,129.4,-84.1,-84.1,329,draft_capital+college,0.0,57.1,,7.455,,,,,,,,,,,,,,,,,,,,0.0,,no_2025_team,,Lamar Jackson,unknown,NOT_AVAILABLE,0,174.0,BAL,Clemson,matched,2025.0,13.0,80.769,0.538,0.077,6.0,v2.0,2026-09-08
346,106,Jermar Jefferson,RB,MIN,RES,RB,4.0,,7599.0,00-0036670,4374033.0,6.882,6.553,45.1,129.4,-84.3,-84.3,331,nfl_history,1.0,88.9,1.85,7.511,,1.85,,,2.0,,,0.0,0.0,0.0,1.5,6.0,2.0,1.344,0.195,2.515,0.0,0.0,1.0,0.0,,no_2025_team,,Kyler Murray,unknown,NOT_AVAILABLE,5,257.0,DET,Oregon State,no_college_match,,,,,,,v2.0,2026-09-08
347,154,KeAndre Lambert-Smith,WR,LAC,ACT,WR,5.0,,12670.0,00-0040184,4430870.0,4.756,9.729,46.3,130.8,-84.5,-91.5,377,nfl_history,10.0,41.2,3.45,6.621,3.45,,,10.0,,,,0.0,0.0,0.0,0.2,12.3,10.0,3.717,0.782,5.212,0.0,0.1,0.9,-0.89,LAC,no,Justin Herbert,Justin Herbert,no,NOT_AVAILABLE,1,158.0,LAC,Auburn; Penn State,no_college_match,,,,,,,v2.0,2026-09-08
348,155,Roman Wilson,WR,PIT,ACT,WR,3.0,,11630.0,00-0039739,4431492.0,4.934,9.376,46.3,130.8,-84.5,-81.9,312,nfl_history,9.0,43.8,3.622,6.621,3.622,,,9.0,,,,0.0,0.0,3.0,0.111,24.667,9.0,5.556,1.126,8.94,0.111,0.111,0.778,0.33,PIT,no,Aaron Rodgers,Aaron Rodgers,no,NOT_AVAILABLE,2,84.0,PIT,Michigan,no_college_match,,,,,,,v2.0,2026-09-08
349,107,Chris Collier,RB,LV,RES,RB,4.0,,11963.0,00-0039244,4698191.0,6.643,6.729,44.7,129.4,-84.7,-84.7,333,nfl_history,1.5,84.2,2.017,7.511,,2.017,,,3.0,,,0.0,0.0,0.0,0.0,6.333,3.0,0.584,0.088,2.425,0.0,0.0,1.0,0.0,,no_2025_team,,Kirk Cousins,unknown,NOT_AVAILABLE,2,,,University of Lock Haven,no_college_match,,,,,,,v2.0,2026-09-08
350,108,Jonathon Brooks,RB,CAR,ACT,RB,2.0,,11583.0,00-0039344,4678008.0,6.64,6.729,44.7,129.4,-84.7,-84.7,333,nfl_history,1.5,84.2,2.0,7.511,,2.0,,,3.0,,,0.0,0.0,0.0,1.667,7.667,3.0,3.158,0.475,4.13,0.0,0.0,1.0,0.0,,no_2025_team,,Bryce Young,unknown,NOT_AVAILABLE,2,46.0,CAR,Texas,no_college_match,,,,,,,v2.0,2026-09-08
351,62,Eli Raridon,TE,NE,ACT,TE,2.0,,13421.0,00-0041395,4831959.0,4.473,9.428,42.2,127.3,-85.1,-85.1,336,draft_capital+college,0.0,50.0,,4.411,,,,,,,,,,,,,,,,,,,,0.0,,no_2025_team,,Drake Maye,unknown,NOT_AVAILABLE,0,95.0,NE,Notre Dame,matched,2025.0,9.0,53.556,1.0,0.222,0.0,v2.0,2026-09-08
352,109,Andrew Beck,RB,NYJ,ACT,,,no_depth_chart_entry,6323.0,00-0034959,3125107.0,3.914,11.282,44.2,129.4,-85.2,-92.2,380,nfl_history,14.4,35.7,1.917,7.511,1.818,0.0,3.167,11.0,2.0,12.0,1.82,0.0,0.0,1.0,0.48,14.08,13.0,2.384,0.609,3.08,0.0,0.0,0.923,-0.9,NYJ,no,Justin Fields,Geno Smith,YES,NOT_AVAILABLE,7,,,Texas,no_college_match,,,,,,,v2.0,2026-09-08
353,110,Corey Kiner,RB,NE,ACT,RB,3.0,,12491.0,00-0040556,4431431.0,5.79,7.612,44.1,129.4,-85.3,-85.3,337,nfl_history,4.0,66.7,2.35,7.511,2.35,,,4.0,,,,0.0,0.0,0.0,0.75,7.5,4.0,1.578,0.273,3.53,0.0,0.0,1.0,0.0,ARI,YES,Jacoby Brissett,Drake Maye,YES,NOT_AVAILABLE,1,,,Cincinnati; LSU,matched,2024.0,12.0,104.75,1.0,0.333,3.0,v2.0,2026-09-08
354,111,Tahj Brooks,RB,CIN,ACT,RB,3.0,,12543.0,00-0040208,4429299.0,5.086,8.671,44.1,129.4,-85.3,-85.3,337,nfl_history,7.0,53.3,2.314,7.511,2.314,,,7.0,,,,0.0,0.0,0.0,0.0,6.714,7.0,1.264,0.249,3.015,0.0,0.0,1.0,0.0,CIN,no,Joe Burrow,Joe Burrow,no,NOT_AVAILABLE,1,193.0,CIN,Texas Tech,matched,2024.0,11.0,152.909,1.455,0.091,18.0,v2.0,2026-09-08
355,112,Kaytron Allen,RB,WAS,ACT,RB,3.0,,13405.0,00-0041096,4685246.0,5.67,7.699,43.7,129.4,-85.7,-85.7,340,draft_capital+college,0.0,57.1,,7.455,,,,,,,,,,,,,,,,,,,,0.0,,no_2025_team,,Jayden Daniels,unknown,NOT_AVAILABLE,0,187.0,WAS,Penn State,matched,2025.0,12.0,104.083,0.667,0.417,9.0,v2.0,2026-09-08
356,156,Jahdae Walker,WR,CHI,ACT,WR,5.0,,13079.0,00-0040277,5160110.0,5.388,8.318,44.8,130.8,-86.0,-86.0,343,nfl_history,6.0,53.8,3.95,6.621,3.95,,,6.0,,,,0.0,0.0,1.0,0.333,14.0,6.0,4.849,0.9,9.475,0.0,0.167,0.667,0.0,CHI,no,Caleb Williams,Caleb Williams,no,NOT_AVAILABLE,1,,,Texas A&M; Grand Valley,matched,2024.0,10.0,34.8,0.4,0.2,0.0,v2.0,2026-09-08
357,157,Kaden Wetjen,WR,PIT,ACT,WR,6.0,,13491.0,00-0041397,5081338.0,4.93,9.071,44.7,130.8,-86.1,-86.1,345,draft_capital+college,0.0,53.8,,6.636,,,,,,,,,,,,,,,,,,,,0.0,,no_2025_team,,Aaron Rodgers,unknown,NOT_AVAILABLE,0,121.0,PIT,Iowa; Iowa Western CC,matched,2025.0,13.0,17.923,0.308,0.0,2.0,v2.0,2026-09-08
358,158,Jalen Brooks,WR,ARI,ACT,WR,4.0,,11034.0,00-0038640,4692835.0,4.321,10.294,44.5,130.8,-86.3,-93.3,388,nfl_history,11.6,37.6,2.934,6.621,3.46,2.475,3.133,5.0,12.0,3.0,0.98,0.0,0.0,4.0,0.2,24.0,17.0,2.63,0.609,6.04,0.0,0.0,1.0,-0.89,ARI,no,Jacoby Brissett,Jacoby Brissett,no,NOT_AVAILABLE,3,244.0,DAL,South Carolina; Tarleton State; Wingate,no_college_match,,,,,,,v2.0,2026-09-08
359,159,Treylon Burks,WR,WAS,ACT,WR,5.0,,8135.0,00-0037742,4567156.0,4.202,10.541,44.3,130.8,-86.5,-93.5,389,nfl_history,12.3,36.3,2.826,6.621,3.138,1.31,3.544,8.0,5.0,9.0,1.83,0.0,0.0,6.0,0.273,37.909,13.0,2.437,0.58,4.6,0.0,0.0,1.0,-0.89,WAS,no,Marcus Mariota,Jayden Daniels,YES,NOT_AVAILABLE,4,18.0,TEN,Arkansas,no_college_match,,,,,,,v2.0,2026-09-08
360,63,Brock Wright,TE,DET,ACT,TE,2.0,,7891.0,00-0036754,4242392.0,3.519,11.6,40.8,127.3,-86.5,-85.6,339,nfl_history,15.3,28.2,3.161,4.432,3.725,2.591,2.4,8.0,11.0,9.0,1.13,0.0,0.0,2.0,0.286,35.5,19.0,3.176,0.903,7.09,0.053,0.053,0.789,0.12,DET,no,Jared Goff,Jared Goff,no,NOT_AVAILABLE,5,,,Notre Dame,no_college_match,,,,,,,v2.0,2026-09-08
361,160,Reggie Virgil,WR,ARI,ACT,WR,5.0,,13297.0,00-0041070,4869132.0,5.14,8.592,44.2,130.8,-86.6,-86.6,349,draft_capital+college,0.0,53.8,,6.636,,,,,,,,,,,,,,,,,,,,0.0,,no_2025_team,,Jacoby Brissett,unknown,NOT_AVAILABLE,0,143.0,AZ,Texas Tech; Miami (Ohio),no_college_match,,,,,,,v2.0,2026-09-08
362,113,Demond Claiborne,RB,MIN,ACT,RB,3.0,,13347.0,00-0041104,4832846.0,5.696,7.513,42.8,129.4,-86.6,-86.6,349,draft_capital+college,0.0,57.1,,7.455,,,,,,,,,,,,,,,,,,,,0.0,,no_2025_team,,Kyler Murray,unknown,NOT_AVAILABLE,0,198.0,MIN,Wake Forest,matched,2025.0,12.0,88.833,0.917,0.167,8.0,v2.0,2026-09-08
363,64,Luke Musgrave,TE,GB,RES,TE,5.0,,9481.0,00-0039144,4428085.0,3.175,12.8,40.6,127.3,-86.7,-92.3,381,nfl_history,18.7,24.3,2.772,4.432,2.785,1.143,5.291,13.0,7.0,11.0,1.64,0.0,0.0,10.0,0.258,31.677,20.0,2.038,0.642,4.305,0.0,0.0,0.95,-0.73,GB,no,Jordan Love,Jordan Love,no,NOT_AVAILABLE,3,42.0,GB,Oregon State,no_college_match,,,,,,,v2.0,2026-09-08
364,114,DJ Giddens,RB,IND,ACT,RB,3.0,,12471.0,00-0040179,4874509.0,5.36,7.965,42.7,129.4,-86.7,-86.7,351,nfl_history,5.0,61.5,1.92,7.511,1.92,,,5.0,,,,0.0,0.0,0.0,1.2,12.0,5.0,1.754,0.327,3.44,0.0,0.0,1.0,0.0,IND,no,Daniel Jones,Daniel Jones,no,NOT_AVAILABLE,1,151.0,IND,Kansas State,matched,2024.0,12.0,130.583,1.833,0.5,7.0,v2.0,2026-09-08
365,115,Sione Vaki,RB,DET,ACT,RB,2.0,,11729.0,00-0039364,4912274.0,5.592,7.612,42.6,129.4,-86.8,-86.8,352,nfl_history,4.0,66.7,1.756,7.511,2.35,1.558,,1.0,6.0,,0.79,0.0,0.0,0.0,0.0,3.286,7.0,2.038,0.364,2.69,0.0,0.0,1.0,0.0,DET,no,Jared Goff,Jared Goff,no,NOT_AVAILABLE,2,132.0,DET,Utah,no_college_match,,,,,,,v2.0,2026-09-08
366,65,Jackson Hawes,TE,BUF,ACT,TE,3.0,,12658.0,00-0040194,4573699.0,3.752,10.788,40.5,127.3,-86.8,-92.4,382,nfl_history,13.0,31.6,3.438,4.432,3.438,,,13.0,,,,0.0,0.0,2.0,0.231,30.462,13.0,2.627,0.7,6.84,0.0,0.077,0.769,-0.73,BUF,no,Josh Allen,Josh Allen,no,NOT_AVAILABLE,1,173.0,BUF,Georgia Tech; Yale,matched,2024.0,10.0,19.5,0.3,0.0,0.0,v2.0,2026-09-08
367,161,Colbie Young,WR,CIN,ACT,WR,4.0,,13477.0,00-0041069,5092508.0,5.076,8.653,43.9,130.8,-86.9,-86.9,353,draft_capital+college,0.0,53.8,,6.636,,,,,,,,,,,,,,,,,,,,0.0,,no_2025_team,,Joe Burrow,unknown,NOT_AVAILABLE,0,140.0,CIN,Georgia; Miami; Lackawanna JC,matched,2025.0,8.0,47.75,0.75,0.125,0.0,v2.0,2026-09-08
368,27,Jaxson Dart,QB,NYG,ACT,QB,1.0,,12508.0,00-0040691,4689114.0,17.367,11.141,193.5,280.5,-87.0,-71.2,257,nfl_history,14.0,53.3,19.327,15.652,19.327,,,14.0,,,,0.143,2.0,4.0,1.571,55.286,14.0,11.59,0.667,26.528,0.5,0.5,0.286,0.94,NYG,no,,,n/a,NOT_AVAILABLE,1,25.0,NYG,Mississippi; USC,matched,2024.0,13.0,56.231,0.538,0.077,13.0,v2.0,2026-09-08
369,28,Justin Fields,QB,KC,ACT,QB,2.0,,7591.0,00-0036945,4362887.0,16.043,12.059,193.5,280.5,-87.0,-83.5,326,nfl_history,16.6,49.1,16.42,15.652,17.518,12.614,19.937,9.0,10.0,13.0,4.9,0.217,4.0,7.0,1.656,54.312,19.0,11.678,0.728,29.986,0.368,0.368,0.526,0.21,NYJ,YES,,,n/a,NOT_AVAILABLE,5,11.0,CHI,Ohio State,no_college_match,,,,,,,v2.0,2026-09-08
370,162,Odell Beckham Jr.,WR,NYG,ACT,WR,4.0,,2078.0,00-0031235,16733.0,5.068,8.6,43.6,130.8,-87.2,-94.2,394,nfl_history,6.8,50.7,3.471,6.621,,1.25,6.643,,8.0,14.0,,0.088,2.0,10.0,0.682,26.045,8.0,1.276,0.252,2.68,0.0,0.0,1.0,-0.89,,no_2025_team,,Jaxson Dart,unknown,NOT_AVAILABLE,12,12.0,NYG,LSU,no_college_match,,,,,,,v2.0,2026-09-08
371,29,Joe Flacco,QB,CIN,ACT,QB,2.0,,19.0,00-0026158,11252.0,15.582,12.376,192.8,280.5,-87.7,-97.8,413,nfl_history,17.5,47.8,15.517,15.652,13.974,18.149,26.368,13.0,7.0,5.0,-4.17,0.491,8.0,1.0,0.52,60.08,20.0,12.287,0.789,29.869,0.2,0.2,0.5,-0.6,CIN,no,,,n/a,NOT_AVAILABLE,18,18.0,BAL,Delaware; Pittsburgh,no_college_match,,,,,,,v2.0,2026-09-08
372,116,Kaleb Johnson,RB,GB,ACT,RB,3.0,,12504.0,00-0040142,4819231.0,4.271,9.729,41.6,129.4,-87.8,-94.8,398,nfl_history,10.0,44.4,1.68,7.511,1.68,,,10.0,,,,0.0,0.0,0.0,0.4,5.1,10.0,1.599,0.374,2.72,0.0,0.0,1.0,-0.9,PIT,YES,Aaron Rodgers,Jordan Love,YES,NOT_AVAILABLE,1,83.0,PIT,Iowa,matched,2024.0,12.0,142.833,1.833,0.583,22.0,v2.0,2026-09-08
373,163,Tylan Wallace,WR,CLE,ACT,WR,5.0,,7595.0,00-0036630,4241424.0,3.398,12.624,42.9,130.8,-87.9,-89.6,366,nfl_history,18.2,27.8,2.158,6.621,1.695,2.929,2.542,11.0,12.0,6.0,-1.23,0.055,1.0,2.0,0.103,15.552,23.0,4.967,1.462,2.2,0.043,0.043,0.913,-0.22,BAL,YES,Lamar Jackson,Deshaun Watson,YES,NOT_AVAILABLE,5,131.0,BAL,Oklahoma State,no_college_match,,,,,,,v2.0,2026-09-08
374,66,Will Kacmarek,TE,MIA,ACT,TE,2.0,,13434.0,00-0041524,4880236.0,3.992,9.821,39.2,127.3,-88.1,-88.1,355,draft_capital+college,0.0,50.0,,4.411,,,,,,,,,,,,,,,,,,,,0.0,,no_2025_team,,Malik Willis,unknown,NOT_AVAILABLE,0,87.0,MIA,Ohio State; Ohio,matched,2025.0,8.0,21.0,0.25,0.125,2.0,v2.0,2026-09-08
375,117,Alec Ingold,RB,LAC,ACT,,,no_depth_chart_entry,6109.0,00-0035125,3917668.0,3.461,11.918,41.3,129.4,-88.1,-95.1,400,nfl_history,16.2,33.1,1.462,7.511,1.122,1.98,1.673,9.0,10.0,11.0,-0.86,0.0,0.0,3.0,0.233,24.033,19.0,1.601,0.462,3.03,0.0,0.0,1.0,-0.9,MIA,YES,Tua Tagovailoa,Justin Herbert,YES,NOT_AVAILABLE,7,,,Wisconsin,no_college_match,,,,,,,v2.0,2026-09-08
376,118,Michael Burton,RB,CLE,ACT,,,no_depth_chart_entry,2471.0,00-0031595,2515270.0,4.523,9.094,41.1,129.4,-88.3,-95.3,402,nfl_history,8.2,49.4,1.609,7.511,,2.025,0.473,,12.0,11.0,,0.0,0.0,1.0,0.348,10.957,12.0,2.905,0.642,4.28,0.0,0.0,0.917,-0.9,,no_2025_team,,Deshaun Watson,unknown,NOT_AVAILABLE,11,168.0,DET,Rutgers,no_college_match,,,,,,,v2.0,2026-09-08
377,164,Jack Bech,WR,LV,ACT,WR,3.0,,12483.0,00-0040729,4603186.0,3.937,10.788,42.5,130.8,-88.3,-95.3,402,nfl_history,13.0,35.0,2.492,6.621,2.492,,,13.0,,,,0.0,0.0,2.0,0.308,25.308,13.0,2.374,0.603,4.42,0.0,0.0,0.923,-0.89,LV,no,Geno Smith,Kirk Cousins,YES,NOT_AVAILABLE,1,58.0,LV,TCU; LSU,matched,2024.0,12.0,83.667,1.333,0.5,8.0,v2.0,2026-09-08
378,165,D.J. Montgomery,WR,IND,RES,WR,8.0,,6453.0,00-0035045,4249030.0,6.617,6.341,42.0,130.8,-88.8,-88.8,358,nfl_history,0.4,94.6,6.55,6.621,,,6.55,,,2.0,,0.0,0.0,1.0,1.0,51.5,,,,,,,,0.0,,no_2025_team,,Daniel Jones,unknown,NOT_AVAILABLE,7,,,Austin Peay; Holmes County JC,no_college_match,,,,,,,v2.0,2026-09-08
379,166,Coleman Owen,WR,IND,RES,WR,7.0,,12829.0,00-0040352,4578436.0,6.349,6.553,41.6,130.8,-89.2,-89.2,359,nfl_history,1.0,87.5,4.45,6.621,4.45,,,1.0,,,,0.0,0.0,0.0,0.0,1.0,1.0,,,4.45,0.0,0.0,1.0,0.0,IND,no,Daniel Jones,Daniel Jones,no,NOT_AVAILABLE,1,,,Ohio; Northern Arizona,matched,2024.0,14.0,88.357,1.643,0.357,9.0,v2.0,2026-09-08
380,167,Tay Martin,WR,DET,ACT,WR,4.0,,8250.0,00-0037524,4245144.0,5.878,7.082,41.6,130.8,-89.2,-89.2,359,nfl_history,2.5,73.7,3.8,6.621,1.65,12.4,,2.0,1.0,,-10.75,0.2,1.0,1.0,0.0,9.0,3.0,6.212,1.057,9.25,0.0,0.0,0.667,0.0,WAS,YES,Marcus Mariota,Jared Goff,YES,NOT_AVAILABLE,4,,,Oklahoma State,no_college_match,,,,,,,v2.0,2026-09-08
381,119,Julius Chestnut,RB,TEN,ACT,RB,4.0,,8254.0,00-0037594,4367567.0,3.688,10.859,40.0,129.4,-89.4,-96.4,406,nfl_history,13.2,37.7,1.371,7.511,0.622,3.125,0.0,9.0,8.0,1.0,-2.5,0.0,0.0,1.0,0.444,6.389,17.0,1.933,0.524,4.16,0.0,0.0,0.941,-0.9,TEN,no,Cam Ward,Cam Ward,no,NOT_AVAILABLE,4,,,Sacred Heart University,no_college_match,,,,,,,v2.0,2026-09-08
382,67,Jeremy Ruckert,TE,NYJ,ACT,TE,3.0,,8145.0,00-0037805,4361372.0,2.633,14.318,37.7,127.3,-89.6,-95.2,401,nfl_history,23.0,20.7,2.164,4.432,2.529,1.393,2.31,14.0,14.0,10.0,1.14,0.0,0.0,2.0,0.184,26.368,28.0,1.624,0.617,2.9,0.0,0.0,0.964,-0.73,NYJ,no,Justin Fields,Geno Smith,YES,NOT_AVAILABLE,4,101.0,NYJ,Ohio State,no_college_match,,,,,,,v2.0,2026-09-08
383,68,Charlie Kolar,TE,LAC,ACT,TE,1.0,,8127.0,00-0038046,4241263.0,2.842,13.188,37.5,127.3,-89.8,-89.3,361,nfl_history,19.8,23.3,2.361,4.432,2.4,2.38,2.022,13.0,10.0,9.0,0.02,0.0,0.0,4.0,0.188,21.688,23.0,3.483,1.225,3.41,0.043,0.087,0.87,0.07,BAL,YES,Lamar Jackson,Justin Herbert,YES,NOT_AVAILABLE,4,128.0,BAL,Iowa State,no_college_match,,,,,,,v2.0,2026-09-08
384,30,Kirk Cousins,QB,LV,ACT,QB,1.0,,1166.0,00-0029604,14880.0,14.916,12.765,190.4,280.5,-90.1,-98.5,418,nfl_history,18.6,46.2,14.282,15.652,12.354,14.88,23.718,10.0,14.0,8.0,-2.53,0.371,7.0,0.0,0.25,61.5,24.0,11.485,0.77,22.24,0.208,0.208,0.708,-0.5,ATL,YES,,,n/a,NOT_AVAILABLE,14,102.0,WAS,Michigan State,no_college_match,,,,,,,v2.0,2026-09-08
385,69,Grant Calcaterra,TE,PHI,RES,TE,5.0,,8177.0,00-0037086,4241374.0,3.047,12.165,37.1,127.3,-90.2,-95.8,404,nfl_history,16.9,26.2,2.555,4.432,2.011,3.187,2.95,9.0,15.0,2.0,-1.18,0.0,0.0,6.0,0.231,35.769,24.0,3.011,0.988,6.49,0.0,0.125,0.875,-0.73,PHI,no,Jalen Hurts,Jalen Hurts,no,NOT_AVAILABLE,4,198.0,PHI,SMU; Oklahoma,no_college_match,,,,,,,v2.0,2026-09-08
386,120,Eli Heidenreich,RB,PIT,ACT,RB,3.0,,13423.0,00-0041490,5081508.0,5.589,7.023,39.2,129.4,-90.2,-90.2,368,draft_capital+college,0.0,57.1,,7.455,,,,,,,,,,,,,,,,,,,,0.0,,no_2025_team,,Aaron Rodgers,unknown,NOT_AVAILABLE,0,230.0,PIT,Navy,matched,2025.0,13.0,110.0,1.308,0.308,3.0,v2.0,2026-09-08
387,70,Mo Alie-Cox,TE,IND,ACT,TE,2.0,,4054.0,00-0033217,2998565.0,2.816,13.188,37.1,127.3,-90.2,-95.8,404,nfl_history,19.8,23.3,2.327,4.432,2.2,2.225,3.043,11.0,12.0,14.0,-0.03,0.0,0.0,5.0,0.486,27.216,23.0,2.94,1.044,3.4,0.0,0.043,0.913,-0.73,IND,no,Daniel Jones,Daniel Jones,no,NOT_AVAILABLE,9,,,Virginia Commonwealth Univ.,no_college_match,,,,,,,v2.0,2026-09-08
388,168,Jared Wayne,WR,HOU,ACT,WR,5.0,,11056.0,00-0038728,4430681.0,6.168,6.553,40.4,130.8,-90.4,-90.4,370,nfl_history,1.0,87.5,3.0,6.621,3.0,,,1.0,,,,0.0,0.0,0.0,0.0,35.0,1.0,,,3.0,0.0,0.0,1.0,0.0,HOU,no,C.J. Stroud,C.J. Stroud,no,NOT_AVAILABLE,3,,,Pittsburgh,no_college_match,,,,,,,v2.0,2026-09-08
389,169,Kendrick Law,WR,DET,RES,WR,5.0,,13412.0,00-0041446,4685441.0,4.974,8.131,40.4,130.8,-90.4,-90.4,370,draft_capital+college,0.0,53.8,,6.636,,,,,,,,,,,,,,,,,,,,0.0,,no_2025_team,,Jared Goff,unknown,NOT_AVAILABLE,0,168.0,DET,Kentucky; Alabama,no_college_match,,,,,,,v2.0,2026-09-08
390,170,Jacoby Jones,WR,WAS,RES,WR,8.0,,13120.0,00-0040317,5083297.0,6.168,6.553,40.4,130.8,-90.4,-90.4,370,nfl_history,1.0,87.5,3.0,6.621,3.0,,,1.0,,,,0.0,0.0,1.0,0.0,0.0,1.0,,,3.0,0.0,0.0,1.0,0.0,WAS,no,Marcus Mariota,Jayden Daniels,YES,NOT_AVAILABLE,1,,,UCF; Ohio,matched,2024.0,6.0,51.0,0.5,0.333,0.0,v2.0,2026-09-08
391,171,Dareke Young,WR,LV,ACT,WR,5.0,,8527.0,00-0037093,4401805.0,4.347,9.271,40.3,130.8,-90.5,-97.5,410,nfl_history,8.7,44.6,2.517,6.621,3.129,0.0,0.0,7.0,3.0,1.0,3.13,0.0,0.0,1.0,0.0,5.455,10.0,3.886,0.894,4.602,0.0,0.1,0.9,-0.89,SEA,YES,Sam Darnold,Kirk Cousins,YES,NOT_AVAILABLE,4,233.0,SEA,Lenoir Rhyne,no_college_match,,,,,,,v2.0,2026-09-08
392,121,British Brooks,RB,HOU,ACT,RB,3.0,,12171.0,00-0039603,4373273.0,4.386,8.847,38.8,129.4,-90.6,-97.6,411,nfl_history,7.5,51.6,1.053,7.511,1.114,0.2,,7.0,1.0,,0.91,0.0,0.0,1.0,0.25,7.5,8.0,2.203,0.502,1.435,0.0,0.0,0.875,-0.9,HOU,no,C.J. Stroud,C.J. Stroud,no,NOT_AVAILABLE,2,,,North Carolina,no_college_match,,,,,,,v2.0,2026-09-08
393,122,Scott Matlock,RB,LAC,RES,,,no_depth_chart_entry,10994.0,00-0038614,4373684.0,3.982,9.729,38.7,129.4,-90.7,-97.7,412,nfl_history,10.0,44.4,1.16,7.511,2.3,0.4,,4.0,12.0,,1.9,0.0,0.0,0.0,0.062,22.5,16.0,1.688,0.424,1.475,0.0,0.0,0.938,-0.9,LAC,no,Justin Herbert,Justin Herbert,no,NOT_AVAILABLE,3,200.0,LAC,Boise State,no_college_match,,,,,,,v2.0,2026-09-08
394,71,Drew Sample,TE,CIN,ACT,TE,2.0,,6001.0,00-0035631,3127310.0,2.723,13.365,36.4,127.3,-90.9,-96.5,407,nfl_history,20.3,22.8,2.217,4.432,2.033,2.318,2.807,12.0,11.0,14.0,-0.28,0.0,0.0,2.0,0.189,37.135,23.0,2.513,0.923,3.37,0.0,0.087,0.913,-0.73,CIN,no,Joe Burrow,Joe Burrow,no,NOT_AVAILABLE,7,52.0,CIN,Washington,no_college_match,,,,,,,v2.0,2026-09-08
395,72,Mitchell Evans,TE,CAR,ACT,TE,2.0,,12473.0,00-0040187,4683243.0,3.265,11.141,36.4,127.3,-90.9,-96.5,407,nfl_history,14.0,30.0,2.764,4.432,2.764,,,14.0,,,,0.0,0.0,2.0,0.286,24.571,14.0,2.805,0.859,3.955,0.0,0.071,0.929,-0.73,CAR,no,Bryce Young,Bryce Young,no,NOT_AVAILABLE,1,163.0,CAR,Notre Dame,matched,2024.0,13.0,27.923,0.231,0.0,3.0,v2.0,2026-09-08
396,73,Luke Schoonmaker,TE,DAL,ACT,TE,3.0,,10871.0,00-0038547,4372096.0,2.574,14.106,36.3,127.3,-91.0,-96.6,409,nfl_history,22.4,21.1,2.076,4.432,1.443,3.633,1.875,14.0,12.0,12.0,-2.19,0.0,0.0,4.0,0.211,24.5,26.0,3.099,1.204,4.075,0.0,0.115,0.885,-0.73,DAL,no,Dak Prescott,Dak Prescott,no,NOT_AVAILABLE,3,58.0,DAL,Michigan,no_college_match,,,,,,,v2.0,2026-09-08
397,172,Jimmy Horn Jr.,WR,CAR,ACT,WR,5.0,,12523.0,00-0040218,4708486.0,4.091,9.729,39.8,130.8,-91.0,-98.0,415,nfl_history,10.0,41.2,2.32,6.621,2.32,,,10.0,,,,0.0,0.0,2.0,0.3,12.6,10.0,1.485,0.363,3.54,0.0,0.0,1.0,-0.89,CAR,no,Bryce Young,Bryce Young,no,NOT_AVAILABLE,1,208.0,CAR,Colorado; University of South Florida,matched,2024.0,9.0,35.0,0.333,0.111,0.0,v2.0,2026-09-08
398,74,Josh Whyle,TE,GB,ACT,TE,3.0,,10212.0,00-0038589,4360086.0,3.102,11.6,36.0,127.3,-91.3,-90.6,373,nfl_history,15.3,28.2,2.58,4.432,2.017,3.12,2.211,6.0,15.0,9.0,-1.1,0.0,0.0,5.0,0.367,21.133,21.0,3.189,1.028,6.3,0.048,0.095,0.857,0.09,GB,no,Jordan Love,Jordan Love,no,NOT_AVAILABLE,3,147.0,TEN,Cincinnati,no_college_match,,,,,,,v2.0,2026-09-08
399,123,Robbie Ouzts,RB,SEA,RES,,,no_depth_chart_entry,12656.0,00-0040649,4691688.0,5.007,7.612,38.1,129.4,-91.3,-91.3,375,nfl_history,4.0,66.7,0.0,7.511,0.0,,,4.0,,,,0.0,0.0,0.0,0.0,21.25,4.0,0.0,0.0,0.0,0.0,0.0,1.0,0.0,SEA,no,Sam Darnold,Sam Darnold,no,NOT_AVAILABLE,1,175.0,SEA,Alabama,matched,2024.0,6.0,10.667,0.167,0.0,0.0,v2.0,2026-09-08
400,124,Patrick Ricard,RB,NYG,ACT,,,no_depth_chart_entry,4353.0,00-0033376,2975417.0,3.725,10.224,38.1,129.4,-91.3,-98.3,416,nfl_history,11.4,41.2,1.069,7.511,0.32,1.57,1.957,5.0,10.0,7.0,-1.25,0.0,0.0,1.0,0.227,28.091,15.0,2.215,0.595,1.84,0.0,0.0,1.0,-0.9,BAL,YES,Lamar Jackson,Jaxson Dart,YES,NOT_AVAILABLE,9,,,Maine,no_college_match,,,,,,,v2.0,2026-09-08
401,173,Cyrus Allen,WR,KC,ACT,WR,5.0,,13413.0,00-0040890,4912218.0,4.926,7.998,39.4,130.8,-91.4,-91.4,376,draft_capital+college,0.0,53.8,,6.636,,,,,,,,,,,,,,,,,,,,0.0,,no_2025_team,,Patrick Mahomes,unknown,NOT_AVAILABLE,0,176.0,KC,Cincinnati; Texas A&M; Louisiana Tech,no_college_match,,,,,,,v2.0,2026-09-08
402,174,Ryan Miller,WR,MIA,ACT,WR,6.0,,11421.0,00-0038824,4369466.0,3.7,10.612,39.3,130.8,-91.5,-98.5,418,nfl_history,12.5,35.9,2.064,6.621,1.3,3.422,,8.0,9.0,,-2.12,0.0,0.0,3.0,0.235,20.059,17.0,3.017,0.816,5.72,0.0,0.0,1.0,-0.89,TB,YES,Baker Mayfield,Malik Willis,YES,NOT_AVAILABLE,3,,,Furman,no_college_match,,,,,,,v2.0,2026-09-08
403,175,Kevin Coleman Jr.,WR,MIA,ACT,WR,5.0,,13338.0,00-0041529,4685307.0,4.92,7.981,39.3,130.8,-91.5,-91.5,377,draft_capital+college,0.0,53.8,,6.636,,,,,,,,,,,,,,,,,,,,0.0,,no_2025_team,,Malik Willis,unknown,NOT_AVAILABLE,0,177.0,MIA,Missouri; Mississippi State; Louisville; Jackson State University,no_college_match,,,,,,,v2.0,2026-09-08
404,176,Chris Blair,WR,ATL,ACT,WR,5.0,,7521.0,00-0036463,4369886.0,5.931,6.553,38.9,130.8,-91.9,-91.9,379,nfl_history,1.0,87.5,1.1,6.621,,1.1,,,2.0,,,0.0,0.0,0.0,0.0,13.0,2.0,1.556,0.262,1.87,0.0,0.0,1.0,0.0,,no_2025_team,,Tua Tagovailoa,unknown,NOT_AVAILABLE,6,,,Alcorn State,no_college_match,,,,,,,v2.0,2026-09-08
405,177,Jonathan Mingo,WR,DAL,ACT,WR,5.0,,10225.0,00-0039062,4426485.0,3.348,11.494,38.5,130.8,-92.3,-99.3,422,nfl_history,15.0,31.8,1.821,6.621,0.6,1.693,4.153,5.0,14.0,15.0,-1.09,0.0,0.0,9.0,0.118,41.471,19.0,1.654,0.494,3.43,0.0,0.0,1.0,-0.89,DAL,no,Dak Prescott,Dak Prescott,no,NOT_AVAILABLE,3,39.0,CAR,Mississippi,no_college_match,,,,,,,v2.0,2026-09-08
406,178,Darius Cooper,WR,PHI,ACT,WR,6.0,,13150.0,00-0040024,4715355.0,4.619,8.318,38.4,130.8,-92.4,-92.4,382,nfl_history,6.0,53.8,2.283,6.621,2.283,,,6.0,,,,0.0,0.0,0.0,0.0,21.5,6.0,1.813,0.392,4.125,0.0,0.0,1.0,0.0,PHI,no,Jalen Hurts,Jalen Hurts,no,NOT_AVAILABLE,1,,,Tarleton State,matched,2024.0,13.0,108.154,2.385,0.538,0.0,v2.0,2026-09-08
407,179,Jordan Watkins,WR,SF,ACT,WR,5.0,,12634.0,00-0040172,4431466.0,5.549,6.906,38.3,130.8,-92.5,-92.5,384,nfl_history,2.0,77.8,1.8,6.621,1.8,,,2.0,,,,0.0,0.0,0.0,0.0,7.0,2.0,0.849,0.153,2.22,0.0,0.0,1.0,0.0,SF,no,Mac Jones,Brock Purdy,YES,NOT_AVAILABLE,1,138.0,SF,Mississippi; Louisville,matched,2024.0,11.0,84.182,1.364,0.636,9.0,v2.0,2026-09-08
408,125,Seth McGowan,RB,IND,ACT,RB,2.0,,13424.0,00-0041125,4686468.0,5.304,6.925,36.7,129.4,-92.7,-92.7,385,draft_capital+college,0.0,57.1,,7.455,,,,,,,,,,,,,,,,,,,,0.0,,no_2025_team,,Daniel Jones,unknown,NOT_AVAILABLE,0,237.0,IND,Kentucky; New Mexico State; Butler University; Oklahoma,no_college_match,,,,,,,v2.0,2026-09-08
409,180,Konata Mumpfield,WR,LA,ACT,WR,4.0,,12718.0,00-0040590,4710855.0,3.914,9.729,38.1,130.8,-92.7,-99.7,424,nfl_history,10.0,41.2,2.02,6.621,2.02,,,10.0,,,,0.0,0.0,0.0,0.4,29.8,10.0,2.52,0.644,4.8,0.0,0.0,1.0,-0.89,LA,no,Matthew Stafford,Matthew Stafford,no,NOT_AVAILABLE,1,242.0,LAR,Pittsburgh; Akron,matched,2024.0,12.0,66.917,1.25,0.167,3.0,v2.0,2026-09-08
410,181,Jalen Royals,WR,KC,ACT,WR,4.0,,12505.0,00-0040646,5082630.0,5.472,6.906,37.8,130.8,-93.0,-93.0,386,nfl_history,2.0,77.8,1.45,6.621,1.45,,,2.0,,,,0.0,0.0,0.0,0.0,28.5,2.0,0.071,0.013,1.485,0.0,0.0,1.0,0.0,KC,no,Patrick Mahomes,Patrick Mahomes,no,NOT_AVAILABLE,1,133.0,KC,Utah State,matched,2024.0,7.0,103.286,1.571,0.286,0.0,v2.0,2026-09-08
411,182,Barion Brown,WR,NO,ACT,WR,4.0,,13533.0,00-0041099,4698597.0,4.848,7.779,37.7,130.8,-93.1,-93.1,387,draft_capital+college,0.0,53.8,,6.636,,,,,,,,,,,,,,,,,,,,0.0,,no_2025_team,,Tyler Shough,unknown,NOT_AVAILABLE,0,190.0,NO,LSU; Kentucky,no_college_match,,,,,,,v2.0,2026-09-08
412,75,Hunter Long,TE,ARI,ACT,TE,3.0,,7535.0,00-0037004,4239944.0,3.2,10.682,34.2,127.3,-93.1,-98.7,420,nfl_history,12.7,32.1,2.618,4.432,3.643,1.409,0.0,7.0,11.0,1.0,2.23,0.0,0.0,0.0,0.211,24.947,18.0,2.743,0.857,4.295,0.0,0.056,0.889,-0.73,JAX,YES,Trevor Lawrence,Jacoby Brissett,YES,NOT_AVAILABLE,5,81.0,MIA,Boston College,no_college_match,,,,,,,v2.0,2026-09-08
413,183,Jake Bobo,WR,SEA,RES,WR,7.0,,10867.0,00-0038752,4360405.0,3.386,11.071,37.5,130.8,-93.3,-100.3,427,nfl_history,13.8,33.7,1.745,6.621,0.6,1.933,3.386,5.0,12.0,14.0,-1.33,0.0,0.0,3.0,0.258,18.355,17.0,1.876,0.554,2.68,0.0,0.0,1.0,-0.89,SEA,no,Sam Darnold,Sam Darnold,no,NOT_AVAILABLE,3,,,UCLA; Duke,no_college_match,,,,,,,v2.0,2026-09-08
414,184,Malik Benson,WR,LV,ACT,WR,4.0,,13329.0,00-0040894,5150247.0,4.821,7.704,37.1,130.8,-93.7,-93.7,390,draft_capital+college,0.0,53.8,,6.636,,,,,,,,,,,,,,,,,,,,0.0,,no_2025_team,,Kirk Cousins,unknown,NOT_AVAILABLE,0,195.0,LV,Oregon; Florida State; Alabama; Hutchinson CC,no_college_match,,,,,,,v2.0,2026-09-08
415,76,Johnny Mundt,TE,PHI,ACT,TE,2.0,,4314.0,00-0033246,3052096.0,2.459,13.612,33.5,127.3,-93.8,-99.4,423,nfl_history,21.0,22.2,1.895,4.432,1.3,2.55,3.17,12.0,14.0,10.0,-1.25,0.0,0.0,4.0,0.278,24.833,26.0,2.13,0.866,2.975,0.0,0.038,0.923,-0.73,JAX,YES,Trevor Lawrence,Jalen Hurts,YES,NOT_AVAILABLE,9,,,Oregon,no_college_match,,,,,,,v2.0,2026-09-08
416,185,Tai Felton,WR,MIN,ACT,WR,4.0,,12496.0,00-0040154,4565185.0,4.863,7.612,37.0,130.8,-93.8,-93.8,391,nfl_history,4.0,63.6,1.788,6.621,1.788,,,4.0,,,,0.0,0.0,0.0,0.0,9.75,4.0,0.893,0.184,2.38,0.0,0.0,1.0,0.0,MIN,no,J.J. McCarthy,Kyler Murray,YES,NOT_AVAILABLE,1,102.0,MIN,Maryland,matched,2024.0,12.0,95.75,1.083,0.167,9.0,v2.0,2026-09-08
417,186,CJ Daniels,WR,LA,ACT,WR,7.0,,,00-0041399,4605951.0,4.81,7.675,36.9,130.8,-93.9,-93.9,392,draft_capital+college,0.0,53.8,,6.636,,,,,,,,,,,,,,,,,,,,0.0,,no_2025_team,,Matthew Stafford,unknown,NOT_AVAILABLE,0,197.0,LAR,Miami; LSU; Liberty,no_college_match,,,,,,,v2.0,2026-09-08
418,187,Justin Shorter,WR,LV,RES,WR,7.0,,9489.0,00-0038590,4361426.0,5.452,6.729,36.7,130.8,-94.1,-94.1,393,nfl_history,1.5,82.4,0.0,6.621,0.0,0.0,,1.0,1.0,,0.0,0.0,0.0,0.0,0.0,1.5,2.0,0.0,0.0,0.0,0.0,0.0,1.0,0.0,LV,no,Geno Smith,Kirk Cousins,YES,NOT_AVAILABLE,3,150.0,BUF,Florida; Penn State,matched,2024.0,10.0,37.4,0.3,0.1,0.0,v2.0,2026-09-08
419,188,Jacob Cowing,WR,SF,ACT,WR,6.0,,11616.0,00-0039365,4575665.0,4.386,8.318,36.5,130.8,-94.3,-101.3,432,nfl_history,6.0,53.8,1.779,6.621,,1.779,,,12.0,,,0.0,0.0,1.0,0.25,8.833,12.0,2.452,0.559,3.95,0.0,0.0,1.0,-0.89,,no_2025_team,,Brock Purdy,unknown,NOT_AVAILABLE,2,135.0,SF,Arizona; Texas-El Paso,no_college_match,,,,,,,v2.0,2026-09-08
420,77,Nate Adkins,TE,DEN,ACT,TE,3.0,,11433.0,00-0038783,4383440.0,2.902,11.318,32.8,127.3,-94.5,-100.1,426,nfl_history,14.5,29.3,2.268,4.432,2.3,2.433,0.84,6.0,15.0,5.0,-0.13,0.0,0.0,0.0,0.231,21.192,21.0,3.005,1.036,6.8,0.0,0.095,0.857,-0.73,DEN,no,Bo Nix,Bo Nix,no,NOT_AVAILABLE,3,,,South Carolina,no_college_match,,,,,,,v2.0,2026-09-08
421,189,C.J. Williams,WR,JAX,ACT,WR,6.0,,13554.0,00-0041106,5085024.0,4.78,7.589,36.3,130.8,-94.5,-94.5,395,draft_capital+college,0.0,53.8,,6.636,,,,,,,,,,,,,,,,,,,,0.0,,no_2025_team,,Trevor Lawrence,unknown,NOT_AVAILABLE,0,203.0,JAX,Stanford; Wisconsin,no_college_match,,,,,,,v2.0,2026-09-08
422,190,Dont'e Thornton Jr.,WR,LV,RES,WR,6.0,,12541.0,00-0040581,4432775.0,3.602,10.082,36.3,130.8,-94.5,-101.5,435,nfl_history,11.0,38.9,1.682,6.621,1.682,,,11.0,,,,0.0,0.0,3.0,0.182,32.909,11.0,1.8,0.5,3.2,0.0,0.0,1.0,-0.89,LV,no,Geno Smith,Kirk Cousins,YES,NOT_AVAILABLE,1,108.0,LV,Tennessee; Oregon,matched,2024.0,11.0,50.545,0.636,0.545,6.0,v2.0,2026-09-08
423,191,Beaux Collins,WR,ATL,RES,WR,6.0,,12889.0,00-0040432,4431210.0,4.984,7.259,36.2,130.8,-94.6,-94.6,396,nfl_history,3.0,70.0,1.167,6.621,1.167,,,3.0,,,,0.0,0.0,0.0,0.333,15.333,3.0,1.15,0.231,1.97,0.0,0.0,1.0,0.0,NYG,YES,Jaxson Dart,Tua Tagovailoa,YES,NOT_AVAILABLE,1,,,Notre Dame; Clemson,matched,2024.0,14.0,35.0,0.286,0.071,3.0,v2.0,2026-09-08
424,192,Josh Cameron,WR,JAX,ACT,WR,5.0,,13394.0,00-0041100,4879194.0,4.655,7.763,36.1,130.8,-94.7,-94.7,397,draft_capital+college,0.0,53.8,,6.636,,,,,,,,,,,,,,,,,,,,0.0,,no_2025_team,,Trevor Lawrence,unknown,NOT_AVAILABLE,0,191.0,JAX,Baylor,matched,2025.0,12.0,55.333,0.5,0.0,0.0,v2.0,2026-09-08
425,193,Irvin Charles,WR,SEA,RES,WR,6.0,,8861.0,00-0037156,3929636.0,5.266,6.835,36.0,130.8,-94.8,-94.8,398,nfl_history,1.8,79.5,0.0,6.621,,0.0,0.0,,2.0,4.0,,0.0,0.0,0.0,0.167,5.333,2.0,0.0,0.0,0.0,0.0,0.0,1.0,0.0,,no_2025_team,,Sam Darnold,unknown,NOT_AVAILABLE,4,,,"Indiana PA,  University of; Penn State",no_college_match,,,,,,,v2.0,2026-09-08
426,194,Jamari Thrash,WR,CLE,RES,WR,7.0,,11633.0,00-0039379,4428678.0,3.55,10.082,35.8,130.8,-95.0,-102.0,437,nfl_history,11.0,38.9,1.595,6.621,1.962,0.617,,8.0,6.0,,1.35,0.0,0.0,3.0,0.071,22.0,14.0,1.313,0.37,2.705,0.0,0.0,1.0,-0.89,CLE,no,Shedeur Sanders,Deshaun Watson,YES,NOT_AVAILABLE,2,156.0,CLE,Louisville; Georgia State,no_college_match,,,,,,,v2.0,2026-09-08
427,78,Elijah Arroyo,TE,SEA,ACT,TE,3.0,,12521.0,00-0040739,4678006.0,2.947,10.788,31.8,127.3,-95.5,-101.1,430,nfl_history,13.0,31.6,2.262,4.432,2.262,,,13.0,,,,0.0,0.0,4.0,0.385,24.308,13.0,2.916,0.989,4.44,0.0,0.077,0.923,-0.73,SEA,no,Sam Darnold,Sam Darnold,no,NOT_AVAILABLE,1,50.0,SEA,Miami,matched,2024.0,12.0,46.167,0.917,0.25,8.0,v2.0,2026-09-08
428,195,Brycen Tremayne,WR,CAR,ACT,WR,6.0,,11157.0,00-0038840,4360763.0,2.978,11.847,35.3,130.8,-95.5,-102.5,443,nfl_history,16.0,30.4,1.384,6.621,1.467,0.15,,15.0,2.0,,1.32,0.0,0.0,3.0,0.059,15.412,17.0,1.908,0.641,3.3,0.0,0.0,1.0,-0.89,CAR,no,Bryce Young,Bryce Young,no,NOT_AVAILABLE,3,,,Stanford,no_college_match,,,,,,,v2.0,2026-09-08
429,79,Ben Sinnott,TE,WAS,ACT,TE,3.0,,11596.0,00-0039912,4690923.0,2.981,10.612,31.6,127.3,-95.7,-101.3,432,nfl_history,12.5,32.4,2.284,4.432,2.544,1.614,,9.0,7.0,,0.93,0.0,0.0,2.0,0.125,24.812,16.0,2.402,0.806,4.325,0.0,0.0,0.875,-0.73,WAS,no,Marcus Mariota,Jayden Daniels,YES,NOT_AVAILABLE,2,53.0,WAS,Kansas State,no_college_match,,,,,,,v2.0,2026-09-08
430,196,LaJohntay Wester,WR,BAL,ACT,WR,6.0,,12699.0,00-0040075,4690143.0,3.352,10.435,35.0,130.8,-95.8,-102.8,444,nfl_history,12.0,36.8,1.446,6.621,1.446,,,12.0,,,,0.0,0.0,0.0,0.0,4.25,12.0,1.462,0.436,2.502,0.0,0.0,1.0,-0.89,BAL,no,Lamar Jackson,Lamar Jackson,no,NOT_AVAILABLE,1,203.0,BAL,Colorado; Florida Atlantic,matched,2024.0,13.0,65.538,0.923,0.154,0.0,v2.0,2026-09-08
431,197,Johnny Wilson,WR,PHI,RES,WR,7.0,,11636.0,00-0039236,4686104.0,4.375,7.965,34.8,130.8,-96.0,-103.0,448,nfl_history,5.0,58.3,1.23,6.621,,1.23,,,10.0,,,0.0,0.0,0.0,0.3,30.6,10.0,2.381,0.544,3.025,0.0,0.0,1.0,-0.89,,no_2025_team,,Jalen Hurts,unknown,NOT_AVAILABLE,2,185.0,PHI,Florida State; Arizona State,no_college_match,,,,,,,v2.0,2026-09-08
432,80,Luke Farrell,TE,SF,ACT,TE,3.0,,7842.0,00-0036887,4040612.0,2.272,13.612,30.9,127.3,-96.4,-102.0,437,nfl_history,21.0,22.2,1.655,4.432,1.846,1.058,2.2,13.0,12.0,10.0,0.79,0.0,0.0,2.0,0.171,24.171,25.0,2.279,1.003,2.42,0.0,0.08,0.92,-0.73,SF,no,Mac Jones,Brock Purdy,YES,NOT_AVAILABLE,5,145.0,JAX,Ohio State,no_college_match,,,,,,,v2.0,2026-09-08
433,126,Brady Russell,RB,SEA,ACT,,,no_depth_chart_entry,11280.0,00-0038488,4243176.0,3.453,9.518,32.9,129.4,-96.5,-103.5,449,nfl_history,9.4,46.0,0.0,7.511,0.0,0.0,0.0,6.0,6.0,2.0,0.0,0.0,0.0,0.0,0.0,5.071,12.0,0.0,0.0,0.0,0.0,0.0,1.0,-0.9,SEA,no,Sam Darnold,Sam Darnold,no,NOT_AVAILABLE,3,,,Colorado,no_college_match,,,,,,,v2.0,2026-09-08
434,81,Cade Stover,TE,HOU,ACT,TE,3.0,,11599.0,00-0039359,4426496.0,2.836,10.788,30.6,127.3,-96.7,-102.3,439,nfl_history,13.0,31.6,2.1,4.432,2.317,1.914,,6.0,14.0,,0.4,0.0,0.0,1.0,0.45,28.95,20.0,2.319,0.818,3.275,0.0,0.05,0.95,-0.73,HOU,no,C.J. Stroud,C.J. Stroud,no,NOT_AVAILABLE,2,123.0,HOU,Ohio State,no_college_match,,,,,,,v2.0,2026-09-08
435,82,John Bates,TE,WAS,ACT,TE,2.0,,7716.0,00-0036628,4048228.0,2.299,13.082,30.1,127.3,-97.2,-102.8,444,nfl_history,19.5,23.5,1.642,4.432,2.18,0.8,1.673,10.0,13.0,15.0,1.38,0.0,0.0,3.0,0.158,30.526,23.0,1.846,0.803,2.64,0.0,0.0,0.957,-0.73,WAS,no,Marcus Mariota,Jayden Daniels,YES,NOT_AVAILABLE,5,124.0,WAS,Boise State,no_college_match,,,,,,,v2.0,2026-09-08
436,83,Erick All,TE,CIN,ACT,TE,3.0,,11592.0,00-0039814,4427834.0,3.949,7.612,30.1,127.3,-97.2,-102.8,444,nfl_history,4.0,60.0,3.225,4.432,,3.225,,,8.0,,,0.0,0.0,1.0,0.25,27.375,8.0,1.761,0.446,4.77,0.0,0.0,0.875,-0.73,,no_2025_team,,Joe Burrow,unknown,NOT_AVAILABLE,2,115.0,CIN,Iowa; Michigan,no_college_match,,,,,,,v2.0,2026-09-08
437,84,Julian Hill,TE,NE,RES,TE,5.0,,11371.0,00-0038720,4365395.0,2.26,13.259,30.0,127.3,-97.3,-102.9,447,nfl_history,20.0,23.1,1.608,4.432,2.136,1.071,0.58,11.0,14.0,10.0,1.06,0.0,0.0,1.0,0.343,30.6,25.0,1.433,0.634,3.44,0.0,0.0,1.0,-0.73,MIA,YES,Tua Tagovailoa,Drake Maye,YES,NOT_AVAILABLE,3,,,Campbell University,no_college_match,,,,,,,v2.0,2026-09-08
438,127,Reggie Gilliam,RB,NE,ACT,,,no_depth_chart_entry,7204.0,00-0036187,4039505.0,2.74,11.671,32.0,129.4,-97.4,-104.4,454,nfl_history,15.5,34.0,0.278,7.511,0.345,0.1,0.16,11.0,7.0,5.0,0.25,0.0,0.0,1.0,0.13,11.87,18.0,0.737,0.269,0.345,0.0,0.0,1.0,-0.9,BUF,YES,Josh Allen,Drake Maye,YES,NOT_AVAILABLE,6,,,Toledo,no_college_match,,,,,,,v2.0,2026-09-08
439,198,Ben Skowronek,WR,PIT,ACT,WR,5.0,,7757.0,00-0036862,4035656.0,2.307,14.353,33.1,130.8,-97.7,-104.7,456,nfl_history,23.1,23.3,1.0,6.621,0.931,1.044,1.346,16.0,9.0,13.0,-0.11,0.0,0.0,4.0,0.105,11.5,25.0,1.948,0.844,2.36,0.0,0.0,0.96,-0.89,PIT,no,Aaron Rodgers,Aaron Rodgers,no,NOT_AVAILABLE,5,249.0,LAR,Notre Dame; Northwestern,no_college_match,,,,,,,v2.0,2026-09-08
440,85,Matthew Hibner,TE,BAL,ACT,TE,3.0,,,00-0040879,4432260.0,3.705,7.924,29.4,127.3,-97.9,-97.9,414,draft_capital+college,0.0,50.0,,4.411,,,,,,,,,,,,,,,,,,,,0.0,,no_2025_team,,Lamar Jackson,unknown,NOT_AVAILABLE,0,133.0,BAL,SMU; Michigan,matched,2025.0,10.0,39.7,0.6,0.1,2.0,v2.0,2026-09-08
441,199,Simi Fehoko,WR,ARI,ACT,WR,7.0,,7812.0,00-0036646,4360739.0,3.594,9.094,32.7,130.8,-98.1,-105.1,460,nfl_history,8.2,46.1,1.01,6.621,0.0,2.267,7.4,5.0,6.0,1.0,-2.27,0.0,0.0,2.0,0.25,21.667,11.0,2.306,0.642,3.8,0.0,0.0,1.0,-0.89,ARI,no,Jacoby Brissett,Jacoby Brissett,no,NOT_AVAILABLE,5,179.0,DAL,Stanford,no_college_match,,,,,,,v2.0,2026-09-08
442,86,Brevin Jordan,TE,HOU,ACT,TE,5.0,,7568.0,00-0036556,4362504.0,3.991,7.259,29.0,127.3,-98.3,-98.3,416,nfl_history,3.0,66.7,3.11,4.432,,0.85,4.24,,2.0,10.0,,0.0,0.0,3.0,0.167,25.5,2.0,0.071,0.018,0.885,0.0,0.0,1.0,0.0,,no_2025_team,,C.J. Stroud,unknown,NOT_AVAILABLE,5,147.0,HOU,Miami,no_college_match,,,,,,,v2.0,2026-09-08
443,87,Kylen Granson,TE,TEN,ACT,TE,3.0,,7602.0,00-0036876,4039160.0,2.01,14.318,28.8,127.3,-98.5,-104.1,452,nfl_history,23.0,20.7,1.378,4.432,0.625,1.575,3.867,12.0,16.0,15.0,-0.95,0.0,0.0,8.0,0.302,25.698,28.0,1.828,0.91,2.69,0.0,0.0,0.964,-0.73,PHI,YES,Jalen Hurts,Cam Ward,YES,NOT_AVAILABLE,5,127.0,IND,SMU,no_college_match,,,,,,,v2.0,2026-09-08
444,200,Laquon Treadwell,WR,IND,ACT,WR,5.0,,3155.0,00-0032951,3051889.0,4.102,7.753,31.8,130.8,-99.0,-99.0,421,nfl_history,4.4,61.4,0.095,6.621,0.0,,1.05,4.0,,2.0,,0.0,0.0,0.0,0.0,13.833,4.0,0.0,0.0,0.0,0.0,0.0,1.0,0.0,IND,no,Daniel Jones,Daniel Jones,no,NOT_AVAILABLE,10,23.0,MIN,Mississippi,no_college_match,,,,,,,v2.0,2026-09-08
445,201,Arian Smith,WR,NYJ,ACT,WR,6.0,,12539.0,00-0040582,4429105.0,2.94,10.788,31.7,130.8,-99.1,-106.1,466,nfl_history,13.0,35.0,0.958,6.621,0.958,,,13.0,,,,0.0,0.0,1.0,0.0,25.923,13.0,1.038,0.353,1.62,0.0,0.0,1.0,-0.89,NYJ,no,Justin Fields,Geno Smith,YES,NOT_AVAILABLE,1,110.0,NYJ,Georgia,matched,2024.0,14.0,57.857,1.143,0.357,4.0,v2.0,2026-09-08
446,88,Andrew Ogletree,TE,IND,ACT,TE,3.0,,8489.0,00-0037292,4722908.0,2.152,12.976,27.9,127.3,-99.4,-105.0,459,nfl_history,19.2,23.8,1.44,4.432,0.973,1.783,2.836,11.0,12.0,11.0,-0.81,0.0,0.0,7.0,0.206,23.029,23.0,2.296,1.067,2.67,0.0,0.087,0.913,-0.73,IND,no,Daniel Jones,Daniel Jones,no,NOT_AVAILABLE,4,192.0,IND,Youngstown State,no_college_match,,,,,,,v2.0,2026-09-08
447,31,Mac Jones,QB,SF,ACT,QB,2.0,,7527.0,00-0036972,4241464.0,14.342,12.624,181.0,280.5,-99.5,-105.4,463,nfl_history,18.2,46.8,13.19,15.652,14.367,11.308,11.582,11.0,10.0,11.0,3.06,0.269,3.0,0.0,0.188,52.438,21.0,10.69,0.745,24.0,0.238,0.238,0.571,-0.35,SF,no,,,n/a,NOT_AVAILABLE,5,15.0,NE,Alabama,no_college_match,,,,,,,v2.0,2026-09-08
448,202,Deion Burks,WR,IND,ACT,WR,6.0,,13333.0,00-0041132,4683151.0,4.448,6.947,30.9,130.8,-99.9,-99.9,425,draft_capital+college,0.0,53.8,,6.636,,,,,,,,,,,,,,,,,,,,0.0,,no_2025_team,,Daniel Jones,unknown,NOT_AVAILABLE,0,254.0,IND,Oklahoma; Purdue,matched,2025.0,13.0,45.077,0.615,0.077,2.0,v2.0,2026-09-08
449,89,Ian Thomas,TE,LV,ACT,TE,3.0,,4995.0,00-0034365,4045305.0,2.608,10.471,27.3,127.3,-100.0,-105.6,464,nfl_history,12.1,33.1,1.704,4.432,1.989,0.733,1.012,9.0,3.0,8.0,1.26,0.0,0.0,2.0,0.1,21.9,12.0,1.666,0.639,2.98,0.0,0.0,0.917,-0.73,LV,no,Geno Smith,Kirk Cousins,YES,NOT_AVAILABLE,8,101.0,CAR,Indiana; Nassau CC,no_college_match,,,,,,,v2.0,2026-09-08
450,90,Quintin Morris,TE,JAX,ACT,TE,4.0,,7536.0,00-0036590,4244049.0,2.347,11.459,26.9,127.3,-100.4,-106.0,465,nfl_history,14.9,28.7,1.508,4.432,1.45,1.344,4.8,10.0,9.0,2.0,0.11,0.0,0.0,0.0,0.238,17.905,19.0,2.22,0.946,3.15,0.0,0.0,0.895,-0.73,JAX,no,Trevor Lawrence,Trevor Lawrence,no,NOT_AVAILABLE,5,,,Bowling Green,no_college_match,,,,,,,v2.0,2026-09-08
451,91,Moliki Matavao,TE,NO,RES,TE,4.0,,12480.0,00-0040244,4432731.0,4.085,6.553,26.8,127.3,-100.5,-100.5,428,nfl_history,1.0,85.7,2.0,4.432,2.0,,,1.0,,,,0.0,0.0,0.0,0.0,27.0,1.0,,,2.0,0.0,0.0,1.0,0.0,NO,no,Tyler Shough,Tyler Shough,no,NOT_AVAILABLE,1,248.0,NO,UCLA,matched,2024.0,11.0,49.0,0.909,0.0,0.0,v2.0,2026-09-08
452,92,Cole Turner,TE,MIA,RES,TE,5.0,,8214.0,00-0037078,4361438.0,3.96,6.765,26.8,127.3,-100.5,-100.5,428,nfl_history,1.6,78.9,2.188,4.432,,,2.188,,,8.0,,0.0,0.0,2.0,0.5,13.875,,,,,,,,0.0,,no_2025_team,,Malik Willis,unknown,NOT_AVAILABLE,4,149.0,WAS,Nevada,matched,2025.0,8.0,17.75,0.375,0.0,0.0,v2.0,2026-09-08
453,93,Brevyn Spann-Ford,TE,DAL,ACT,TE,2.0,,11593.0,00-0039530,4360967.0,1.918,13.788,26.4,127.3,-100.9,-106.5,467,nfl_history,21.5,21.8,1.216,4.432,1.219,1.209,,16.0,11.0,,0.01,0.0,0.0,2.0,0.148,18.778,27.0,1.976,1.03,3.42,0.0,0.0,0.926,-0.73,DAL,no,Dak Prescott,Dak Prescott,no,NOT_AVAILABLE,2,,,Minnesota,no_college_match,,,,,,,v2.0,2026-09-08
454,94,E.J. Jenkins,TE,PHI,ACT,TE,4.0,,11304.0,00-0038498,4248557.0,3.774,6.906,26.1,127.3,-101.2,-101.2,431,nfl_history,2.0,75.0,1.8,4.432,0.0,3.6,,1.0,2.0,,-3.6,0.0,0.0,0.0,0.667,22.333,3.0,4.157,1.101,5.04,0.0,0.0,1.0,0.0,PHI,no,Jalen Hurts,Jalen Hurts,no,NOT_AVAILABLE,3,,,Georgia Tech; South Carolina; St. Francis PA,no_college_match,,,,,,,v2.0,2026-09-08
455,95,Keleki Latu,TE,BUF,ACT,TE,4.0,,12765.0,00-0040363,4688552.0,3.566,7.259,25.9,127.3,-101.4,-101.4,434,nfl_history,3.0,66.7,1.833,4.432,1.833,,,3.0,,,,0.0,0.0,0.0,0.0,24.333,3.0,2.438,0.684,3.49,0.0,0.0,1.0,0.0,BUF,no,Josh Allen,Josh Allen,no,NOT_AVAILABLE,1,,,Washington; Nevada,matched,2024.0,11.0,33.727,0.182,0.0,0.0,v2.0,2026-09-08
456,96,Justin Joly,TE,MIA,ACT,TE,4.0,,13400.0,00-0041077,4912052.0,3.462,7.327,25.4,127.3,-101.9,-101.9,436,draft_capital+college,0.0,50.0,,4.411,,,,,,,,,,,,,,,,,,,,0.0,,no_2025_team,,Malik Willis,unknown,NOT_AVAILABLE,0,152.0,DEN,N.C. State; Connecticut,matched,2025.0,12.0,39.667,0.5,0.083,3.0,v2.0,2026-09-08
457,97,Durham Smythe,TE,BAL,ACT,TE,2.0,,5008.0,00-0034798,3052897.0,2.071,12.059,25.0,127.3,-102.3,-107.9,473,nfl_history,16.6,26.5,1.218,4.432,0.643,0.7,4.162,7.0,14.0,13.0,-0.06,0.0,0.0,3.0,0.235,32.176,21.0,0.586,0.283,1.3,0.0,0.0,1.0,-0.73,CHI,YES,Caleb Williams,Lamar Jackson,YES,NOT_AVAILABLE,8,123.0,MIA,Notre Dame,no_college_match,,,,,,,v2.0,2026-09-08
458,32,Fernando Mendoza,QB,LV,ACT,QB,2.0,,13269.0,00-0041562,4837248.0,15.419,11.556,178.2,280.5,-102.3,-102.3,439,draft_capital+college,0.0,72.7,,15.723,,,,,,,,,,,,,,,,,,,,0.0,,no_2025_team,,,n/a,NOT_AVAILABLE,0,1.0,LV,Indiana; California,no_college_match,,,,,,,v2.0,2026-09-08
459,98,Ben Sims,TE,MIA,RES,TE,6.0,,11082.0,00-0038809,4373030.0,2.968,8.388,24.9,127.3,-102.4,-102.4,441,nfl_history,6.2,49.2,1.552,4.432,1.5,1.55,1.683,3.0,4.0,6.0,-0.05,0.0,0.0,1.0,0.385,18.538,7.0,1.61,0.542,2.55,0.0,0.0,1.0,0.0,MIN,YES,J.J. McCarthy,Malik Willis,YES,NOT_AVAILABLE,3,,,Baylor,no_college_match,,,,,,,v2.0,2026-09-08
460,99,Thomas Fidone II,TE,NYG,ACT,TE,4.0,,12715.0,00-0040225,4590292.0,3.799,6.553,24.9,127.3,-102.4,-102.4,441,nfl_history,1.0,85.7,0.0,4.432,0.0,,,1.0,,,,0.0,0.0,0.0,0.0,3.0,1.0,,,0.0,0.0,0.0,1.0,0.0,NYG,no,Jaxson Dart,Jaxson Dart,no,NOT_AVAILABLE,1,219.0,NYG,Nebraska,matched,2024.0,10.0,36.4,0.7,0.0,0.0,v2.0,2026-09-08
461,100,Will Mallory,TE,IND,RES,TE,4.0,,10220.0,00-0038394,4362523.0,2.904,8.565,24.9,127.3,-102.4,-108.0,474,nfl_history,6.7,47.2,1.536,4.432,2.1,0.7,2.609,1.0,7.0,11.0,1.4,0.0,0.0,1.0,0.053,12.526,8.0,0.794,0.273,1.485,0.0,0.0,1.0,-0.73,IND,no,Daniel Jones,Daniel Jones,no,NOT_AVAILABLE,3,162.0,IND,Miami,no_college_match,,,,,,,v2.0,2026-09-08
462,101,Payne Durham,TE,TB,ACT,TE,2.0,,10227.0,00-0039050,4372505.0,2.284,10.859,24.8,127.3,-102.5,-108.1,475,nfl_history,13.2,31.2,1.308,4.432,0.2,3.5,1.383,8.0,8.0,6.0,-3.3,0.0,0.0,3.0,0.182,21.909,16.0,3.314,1.451,4.075,0.0,0.062,0.875,-0.73,TB,no,Baker Mayfield,Baker Mayfield,no,NOT_AVAILABLE,3,171.0,TB,Purdue,no_college_match,,,,,,,v2.0,2026-09-08
463,102,Eric Saubert,TE,SEA,ACT,TE,2.0,,4189.0,00-0033576,2975863.0,2.052,11.706,24.0,127.3,-103.3,-108.9,476,nfl_history,15.6,27.8,1.137,4.432,0.789,1.683,0.9,9.0,12.0,3.0,-0.89,0.0,0.0,0.0,0.333,24.958,21.0,1.881,0.916,2.7,0.0,0.0,0.905,-0.73,SEA,no,Sam Darnold,Sam Darnold,no,NOT_AVAILABLE,9,174.0,ATL,Drake,no_college_match,,,,,,,v2.0,2026-09-08
464,103,Jelani Woods,TE,NYJ,ACT,TE,4.0,,8219.0,00-0037755,4241410.0,3.437,6.906,23.7,127.3,-103.6,-103.6,450,nfl_history,2.0,75.0,0.45,4.432,0.45,,,2.0,,,,0.0,0.0,0.0,0.5,17.5,2.0,0.636,0.185,0.765,0.0,0.0,1.0,0.0,NYJ,no,Justin Fields,Geno Smith,YES,NOT_AVAILABLE,4,73.0,IND,Virginia,no_college_match,,,,,,,v2.0,2026-09-08
465,104,Jared Wiley,TE,KC,ACT,TE,3.0,,11595.0,00-0039824,4430723.0,3.305,7.082,23.4,127.3,-103.9,-103.9,451,nfl_history,2.5,70.6,0.6,4.432,0.45,1.2,,2.0,1.0,,-0.75,0.0,0.0,0.0,0.0,11.0,3.0,0.624,0.189,1.11,0.0,0.0,1.0,0.0,KC,no,Patrick Mahomes,Patrick Mahomes,no,NOT_AVAILABLE,2,131.0,KC,TCU; Texas,no_college_match,,,,,,,v2.0,2026-09-08
466,105,Tanner Koziol,TE,JAX,ACT,TE,3.0,,13408.0,00-0041084,4917427.0,3.323,6.987,23.2,127.3,-104.1,-104.1,452,draft_capital+college,0.0,50.0,,4.411,,,,,,,,,,,,,,,,,,,,0.0,,no_2025_team,,Trevor Lawrence,unknown,NOT_AVAILABLE,0,164.0,JAX,Houston; Ball State,no_college_match,,,,,,,v2.0,2026-09-08
467,106,Robert Tonyan,TE,PIT,ACT,TE,3.0,,4602.0,00-0033757,2975674.0,2.936,7.753,22.8,127.3,-104.5,-104.5,455,nfl_history,4.4,57.7,0.895,4.432,0.3,,1.392,2.0,,12.0,,0.0,0.0,1.0,0.214,18.571,2.0,0.424,0.145,0.51,0.0,0.0,1.0,0.0,KC,YES,Patrick Mahomes,Aaron Rodgers,YES,NOT_AVAILABLE,9,,,Indiana State,no_college_match,,,,,,,v2.0,2026-09-08
468,107,Joe Royer,TE,CLE,RES,TE,4.0,,13435.0,00-0041087,4565859.0,3.312,6.826,22.6,127.3,-104.7,-104.7,456,draft_capital+college,0.0,50.0,,4.411,,,,,,,,,,,,,,,,,,,,0.0,,no_2025_team,,Deshaun Watson,unknown,NOT_AVAILABLE,0,170.0,CLE,Cincinnati; Ohio State,matched,2025.0,12.0,32.417,0.5,0.167,4.0,v2.0,2026-09-08
469,108,Riley Nowakowski,TE,PIT,ACT,,,no_depth_chart_entry,13433.0,00-0041398,4693370.0,3.284,6.853,22.5,127.3,-104.8,-104.8,458,draft_capital+college,0.0,50.0,,4.411,,,,,,,,,,,,,,,,,,,,0.0,,no_2025_team,,Aaron Rodgers,unknown,NOT_AVAILABLE,0,169.0,PIT,Indiana; Wisconsin,no_college_match,,,,,,,v2.0,2026-09-08
470,109,Tip Reiman,TE,ARI,RES,TE,4.0,,11716.0,00-0039737,4696700.0,2.557,8.671,22.2,127.3,-105.1,-110.7,478,nfl_history,7.0,46.2,0.95,4.432,1.1,0.838,,3.0,8.0,,0.26,0.0,0.0,0.0,0.0,27.636,11.0,0.81,0.317,1.8,0.0,0.0,1.0,-0.73,ARI,no,Jacoby Brissett,Jacoby Brissett,no,NOT_AVAILABLE,2,82.0,AZ,Illinois,no_college_match,,,,,,,v2.0,2026-09-08
471,110,Josh Cuevas,TE,BAL,ACT,TE,4.0,,13273.0,00-0040887,4876132.0,3.288,6.748,22.2,127.3,-105.1,-105.1,460,draft_capital+college,0.0,50.0,,4.411,,,,,,,,,,,,,,,,,,,,0.0,,no_2025_team,,Lamar Jackson,unknown,NOT_AVAILABLE,0,173.0,BAL,Alabama; Washington; Pomona State,matched,2025.0,12.0,33.417,0.5,0.0,1.0,v2.0,2026-09-08
472,111,Carter Runyon,TE,LV,RES,TE,4.0,,13122.0,00-0040488,5155825.0,3.044,7.259,22.1,127.3,-105.2,-105.2,462,nfl_history,3.0,66.7,0.267,4.432,0.267,,,3.0,,,,0.0,0.0,0.0,0.0,3.333,3.0,0.462,0.152,0.56,0.0,0.0,1.0,0.0,LV,no,Geno Smith,Kirk Cousins,YES,NOT_AVAILABLE,1,,,Towson; Shenandoah University,matched,2024.0,10.0,44.4,0.4,0.1,0.0,v2.0,2026-09-08
473,112,Charlie Woerner,TE,ATL,ACT,TE,2.0,,7075.0,00-0036429,4035020.0,1.923,11.494,22.1,127.3,-105.2,-110.8,480,nfl_history,15.0,28.6,0.919,4.432,1.257,0.675,0.47,7.0,12.0,10.0,0.58,0.0,0.0,1.0,0.069,28.724,19.0,1.08,0.561,1.83,0.0,0.0,1.0,-0.73,ATL,no,Michael Penix Jr.,Tua Tagovailoa,YES,NOT_AVAILABLE,6,190.0,SF,Georgia,no_college_match,,,,,,,v2.0,2026-09-08
474,113,David Martin-Robinson,TE,TEN,ACT,TE,4.0,,12357.0,00-0039648,4360978.0,2.007,10.788,21.7,127.3,-105.6,-111.2,482,nfl_history,13.0,31.6,0.888,4.432,1.0,0.275,,11.0,4.0,,0.72,0.0,0.0,0.0,0.067,9.867,15.0,1.728,0.861,1.37,0.0,0.0,1.0,-0.73,TEN,no,Cam Ward,Cam Ward,no,NOT_AVAILABLE,2,,,Temple,no_college_match,,,,,,,v2.0,2026-09-08
475,114,Chris Manhertz,TE,NYG,ACT,,,no_depth_chart_entry,3048.0,00-0031484,2531358.0,2.18,9.518,20.7,127.3,-106.6,-112.2,483,nfl_history,9.4,39.0,0.743,4.432,0.3,1.312,0.379,4.0,8.0,7.0,-1.01,0.0,0.0,0.0,0.158,21.947,12.0,1.959,0.899,1.84,0.0,0.0,0.917,-0.73,NYG,no,Jaxson Dart,Jaxson Dart,no,NOT_AVAILABLE,11,,,Canisius College,no_college_match,,,,,,,v2.0,2026-09-08
476,115,Seydou Traore,TE,MIA,ACT,TE,3.0,,13429.0,00-0041579,4714379.0,3.132,6.571,20.6,127.3,-106.7,-106.7,468,draft_capital+college,0.0,50.0,,4.411,,,,,,,,,,,,,,,,,,,,0.0,,no_2025_team,,Malik Willis,unknown,NOT_AVAILABLE,0,180.0,MIA,Mississippi State; Arkansas State,matched,2025.0,11.0,33.455,0.273,0.091,1.0,v2.0,2026-09-08
477,116,Bauer Sharp,TE,TB,ACT,TE,4.0,,13308.0,00-0041094,4890373.0,3.166,6.448,20.4,127.3,-106.9,-106.9,469,draft_capital+college,0.0,50.0,,4.411,,,,,,,,,,,,,,,,,,,,0.0,,no_2025_team,,Baker Mayfield,unknown,NOT_AVAILABLE,0,185.0,TB,LSU; Oklahoma; Southeastern Louisiana,no_college_match,,,,,,,v2.0,2026-09-08
478,117,Nick Kallerup,TE,SEA,ACT,TE,4.0,,13151.0,00-0040058,4569547.0,2.659,7.612,20.2,127.3,-107.1,-107.1,470,nfl_history,4.0,60.0,0.0,4.432,0.0,,,4.0,,,,0.0,0.0,0.0,0.25,18.0,4.0,0.0,0.0,0.0,0.0,0.0,1.0,0.0,SEA,no,Sam Darnold,Sam Darnold,no,NOT_AVAILABLE,1,,,Minnesota,matched,2024.0,7.0,16.714,0.143,0.143,0.0,v2.0,2026-09-08
479,118,Ben Yurosek,TE,MIN,ACT,TE,3.0,,13121.0,00-0040509,4433959.0,2.416,8.318,20.1,127.3,-107.2,-107.2,471,nfl_history,6.0,50.0,0.4,4.432,0.4,,,6.0,,,,0.0,0.0,0.0,0.0,14.333,6.0,0.632,0.262,1.1,0.0,0.0,1.0,0.0,MIN,no,J.J. McCarthy,Kyler Murray,YES,NOT_AVAILABLE,1,,,Georgia; Stanford,matched,2024.0,7.0,26.286,0.429,0.0,0.0,v2.0,2026-09-08
480,119,Ko Kieft,TE,TB,ACT,TE,3.0,,8484.0,00-0037311,4034779.0,2.429,8.141,19.8,127.3,-107.5,-107.5,472,nfl_history,5.5,52.2,0.244,4.432,0.0,0.0,0.67,2.0,3.0,10.0,0.0,0.0,0.0,0.0,0.133,11.0,5.0,0.0,0.0,0.0,0.0,0.0,1.0,0.0,TB,no,Baker Mayfield,Baker Mayfield,no,NOT_AVAILABLE,4,218.0,TB,Minnesota,no_college_match,,,,,,,v2.0,2026-09-08
481,120,Blake Whiteheart,TE,CLE,ACT,TE,2.0,,11201.0,00-0038710,4362018.0,1.84,10.612,19.5,127.3,-107.8,-113.4,486,nfl_history,12.5,32.4,0.596,4.432,0.044,2.014,,9.0,7.0,,-1.97,0.0,0.0,1.0,0.125,20.0,16.0,2.283,1.241,1.125,0.0,0.062,0.938,-0.73,CLE,no,Shedeur Sanders,Deshaun Watson,YES,NOT_AVAILABLE,3,,,Wake Forest,no_college_match,,,,,,,v2.0,2026-09-08
482,33,Cam Ward,QB,TEN,ACT,QB,1.0,,12522.0,00-0040676,4688380.0,14.064,12.2,171.6,280.5,-108.9,-123.0,493,nfl_history,17.0,48.5,12.568,15.652,12.568,,,17.0,,,,0.059,1.0,1.0,0.588,59.235,17.0,6.767,0.481,20.224,0.118,0.118,0.647,-0.84,TEN,no,,,n/a,NOT_AVAILABLE,1,1.0,TEN,Miami; Washington State; Incarnate Word,no_college_match,,,,,,,v2.0,2026-09-08
483,121,Gavin Bartholomew,TE,MIN,ACT,TE,4.0,,12700.0,00-0040215,4708049.0,2.977,6.055,18.0,127.3,-109.3,-109.3,477,draft_capital+college,0.0,50.0,,4.411,,,,,,,,,,,,,,,,,,,,0.0,,no_2025_team,,Kyler Murray,unknown,NOT_AVAILABLE,1,202.0,MIN,Pittsburgh,matched,2024.0,13.0,25.462,0.231,0.0,0.0,v2.0,2026-09-08
484,122,Feleipe Franks,TE,CAR,ACT,TE,5.0,,7531.0,00-0036825,4034948.0,1.92,9.2,17.7,127.3,-109.6,-115.2,488,nfl_history,8.5,41.4,0.147,4.432,0.08,0.243,,5.0,7.0,,-0.16,0.0,0.0,0.0,0.0,4.167,12.0,0.486,0.253,0.2,0.0,0.0,1.0,-0.73,ATL,YES,Michael Penix Jr.,Bryce Young,YES,NOT_AVAILABLE,5,,,Arkansas,no_college_match,,,,,,,v2.0,2026-09-08
485,123,Colson Yankoff,TE,WAS,ACT,TE,4.0,,11942.0,00-0039686,4361088.0,1.729,10.082,17.4,127.3,-109.9,-115.5,489,nfl_history,11.0,35.3,0.255,4.432,0.28,0.0,,10.0,2.0,,0.28,0.0,0.0,0.0,0.0,7.667,12.0,0.585,0.338,0.315,0.0,0.0,1.0,-0.73,WAS,no,Marcus Mariota,Jayden Daniels,YES,NOT_AVAILABLE,2,,,UCLA; Washington,no_college_match,,,,,,,v2.0,2026-09-08
486,124,Jack Endries,TE,CIN,ACT,TE,4.0,,13282.0,00-0041116,5085189.0,2.935,5.654,16.6,127.3,-110.7,-110.7,478,draft_capital+college,0.0,50.0,,4.411,,,,,,,,,,,,,,,,,,,,0.0,,no_2025_team,,Joe Burrow,unknown,NOT_AVAILABLE,0,221.0,CIN,Texas; California,no_college_match,,,,,,,v2.0,2026-09-08
487,125,Jaren Kanak,TE,TEN,RES,TE,5.0,,13422.0,00-0040901,4877034.0,2.923,5.573,16.3,127.3,-111.0,-111.0,481,draft_capital+college,0.0,50.0,,4.411,,,,,,,,,,,,,,,,,,,,0.0,,no_2025_team,,Cam Ward,unknown,NOT_AVAILABLE,0,225.0,TEN,Oklahoma,matched,2025.0,13.0,39.385,0.462,0.077,0.0,v2.0,2026-09-08
488,126,Cameron Latu,TE,NE,ACT,TE,4.0,,10210.0,00-0038564,4372026.0,1.662,9.729,16.2,127.3,-111.1,-116.7,490,nfl_history,10.0,37.5,0.0,4.432,0.0,,,10.0,,,,0.0,0.0,0.0,0.0,6.2,10.0,0.0,0.0,0.0,0.0,0.0,1.0,-0.73,PHI,YES,Jalen Hurts,Drake Maye,YES,NOT_AVAILABLE,3,101.0,SF,Alabama,no_college_match,,,,,,,v2.0,2026-09-08
489,127,Caleb Lohner,TE,DEN,RES,TE,5.0,,12735.0,00-0040240,4432208.0,2.842,5.266,15.0,127.3,-112.3,-112.3,484,draft_capital+college,0.0,50.0,,4.411,,,,,,,,,,,,,,,,,,,,0.0,,no_2025_team,,Bo Nix,unknown,NOT_AVAILABLE,1,241.0,DEN,Utah; Baylor,matched,2024.0,4.0,13.5,0.5,0.0,4.0,v2.0,2026-09-08
490,128,Carsen Ryan,TE,CLE,ACT,TE,3.0,,13580.0,00-0041131,4685540.0,2.785,5.138,14.3,127.3,-113.0,-113.0,485,draft_capital+college,0.0,50.0,,4.411,,,,,,,,,,,,,,,,,,,,0.0,,no_2025_team,,Deshaun Watson,unknown,NOT_AVAILABLE,0,248.0,CLE,BYU; Utah; UCLA,no_college_match,,,,,,,v2.0,2026-09-08
491,129,Dallen Bentley,TE,DEN,ACT,TE,4.0,,13577.0,00-0041133,5159802.0,2.789,4.996,13.9,127.3,-113.4,-113.4,486,draft_capital+college,0.0,50.0,,4.411,,,,,,,,,,,,,,,,,,,,0.0,,no_2025_team,,Bo Nix,unknown,NOT_AVAILABLE,0,256.0,DEN,Utah; Snow,matched,2025.0,13.0,38.923,0.615,0.154,0.0,v2.0,2026-09-08
492,34,Tyler Shough,QB,NO,ACT,QB,1.0,,12545.0,00-0040743,4360689.0,15.941,10.082,160.7,280.5,-119.8,-117.1,491,nfl_history,11.0,59.3,16.36,15.652,16.36,,,11.0,,,,0.273,1.0,2.0,1.273,55.0,11.0,8.895,0.558,23.87,0.364,0.364,0.364,0.16,NO,no,,,n/a,NOT_AVAILABLE,1,40.0,NO,Louisville; Texas Tech; Oregon,matched,2024.0,10.0,13.5,0.1,0.1,24.0,v2.0,2026-09-08
493,35,Marcus Mariota,QB,WAS,ACT,QB,2.0,,2307.0,00-0032268,2576980.0,15.218,10.4,158.3,280.5,-122.2,-118.0,492,nfl_history,11.9,57.3,14.633,15.652,14.45,17.92,6.88,10.0,3.0,2.0,-3.47,0.168,2.0,5.0,0.667,42.933,13.0,10.654,0.7,24.132,0.385,0.385,0.462,0.25,WAS,no,,,n/a,NOT_AVAILABLE,11,2.0,TEN,Oregon,no_college_match,,,,,,,v2.0,2026-09-08
494,128,Myles Montgomery,RB,NE,RES,RB,4.0,,13964.0,00-0041323,4676889.0,4.595,1.258,5.8,129.4,-123.6,-123.6,494,draft_capital+college,0.0,57.1,,7.455,,,,,,,,,,,,,,,,,,,,0.0,,no_2025_team,,Drake Maye,unknown,NOT_AVAILABLE,0,,,UCF; Cincinnati,matched,2025.0,11.0,79.364,0.909,0.273,3.0,v2.0,2026-09-08
495,129,EJ Smith,RB,KC,RES,,,no_depth_chart_entry,13778.0,00-0040964,4430825.0,4.496,1.258,5.7,129.4,-123.7,-123.7,495,draft_capital+college,0.0,57.1,,7.455,,,,,,,,,,,,,,,,,,,,0.0,,no_2025_team,,Patrick Mahomes,unknown,NOT_AVAILABLE,0,,,,matched,2025.0,9.0,22.667,0.0,0.0,1.0,v2.0,2026-09-08
496,130,Chip Trayanum,RB,NYJ,RES,RB,5.0,,,00-0041239,4430893.0,4.571,1.258,5.7,129.4,-123.7,-123.7,495,draft_capital+college,0.0,57.1,,7.455,,,,,,,,,,,,,,,,,,,,0.0,,no_2025_team,,Geno Smith,unknown,NOT_AVAILABLE,0,,,Toledo; Kentucky; Ohio State; Arizona State,no_college_match,,,,,,,v2.0,2026-09-08
497,131,Dominic Richardson,RB,NYJ,RES,,,no_depth_chart_entry,13725.0,00-0040937,4430689.0,4.571,1.258,5.7,129.4,-123.7,-123.7,495,draft_capital+college,0.0,57.1,,7.455,,,,,,,,,,,,,,,,,,,,0.0,,no_2025_team,,Geno Smith,unknown,NOT_AVAILABLE,0,,,,no_college_match,,,,,,,v2.0,2026-09-08
498,132,DJ Herman,RB,MIA,ACT,,,no_depth_chart_entry,,00-0041436,,4.571,1.258,5.7,129.4,-123.7,-123.7,495,draft_capital+college,0.0,57.1,,7.455,,,,,,,,,,,,,,,,,,,,0.0,,no_2025_team,,Malik Willis,unknown,NOT_AVAILABLE,0,,,San Diego State,no_college_match,,,,,,,v2.0,2026-09-08
499,130,Mark Redman,TE,GB,ACT,TE,4.0,,,00-0040598,,2.275,1.0,2.3,127.3,-125.0,-125.0,499,draft_capital+college,0.0,50.0,,4.411,,,,,,,,,,,,,,,,,,,,0.0,,no_2025_team,,Jordan Love,unknown,NOT_AVAILABLE,1,,,Louisville; San Diego State,matched,2024.0,11.0,22.818,0.273,0.0,0.0,v2.0,2026-09-08
500,131,Carson Towt,TE,IND,RES,TE,5.0,,,00-0040853,,2.28,1.0,2.3,127.3,-125.0,-125.0,499,draft_capital+college,0.0,50.0,,4.411,,,,,,,,,,,,,,,,,,,,0.0,,no_2025_team,,Daniel Jones,unknown,NOT_AVAILABLE,0,,,Notre Dame; Northern Arizona,no_college_match,,,,,,,v2.0,2026-09-08
501,132,Nikola Kalinic,TE,CHI,RES,TE,4.0,,8107.0,00-0037031,4916349.0,2.28,1.0,2.3,127.3,-125.0,-125.0,499,draft_capital+college,0.0,50.0,,4.411,,,,,,,,,,,,,,,,,,,,0.0,,no_2025_team,,Caleb Williams,unknown,NOT_AVAILABLE,4,,,York (Canada),no_college_match,,,,,,,v2.0,2026-09-08
502,133,Bryson Nesbit,TE,MIN,RES,,,no_depth_chart_entry,,00-0040504,,2.277,1.0,2.3,127.3,-125.0,-125.0,499,draft_capital+college,0.0,50.0,,4.411,,,,,,,,,,,,,,,,,,,,0.0,,no_2025_team,,Kyler Murray,unknown,NOT_AVAILABLE,1,,,North Carolina,matched,2024.0,6.0,36.167,0.333,0.0,0.0,v2.0,2026-09-08
503,134,Princeton Fant,TE,DAL,RES,TE,4.0,,11508.0,00-0038735,4242442.0,2.28,1.0,2.3,127.3,-125.0,-125.0,499,draft_capital+college,0.0,50.0,,4.411,,,,,,,,,,,,,,,,,,,,0.0,,no_2025_team,,Dak Prescott,unknown,NOT_AVAILABLE,3,,,Tennessee,no_college_match,,,,,,,v2.0,2026-09-08
504,135,McCallan Castles,TE,GB,RES,,,no_depth_chart_entry,12070.0,00-0039263,4372741.0,2.28,1.0,2.3,127.3,-125.0,-125.0,499,draft_capital+college,0.0,50.0,,4.411,,,,,,,,,,,,,,,,,,,,0.0,,no_2025_team,,Jordan Love,unknown,NOT_AVAILABLE,2,,,Tennessee; UC Davis; California,no_college_match,,,,,,,v2.0,2026-09-08
505,136,DJ Rogers,TE,DAL,RES,TE,5.0,,,00-0040938,,2.28,1.0,2.3,127.3,-125.0,-125.0,499,draft_capital+college,0.0,50.0,,4.411,,,,,,,,,,,,,,,,,,,,0.0,,no_2025_team,,Dak Prescott,unknown,NOT_AVAILABLE,0,,,TCU,no_college_match,,,,,,,v2.0,2026-09-08
506,137,Connor Hulstein,TE,NYJ,RES,,,no_depth_chart_entry,,00-0041577,,2.28,1.0,2.3,127.3,-125.0,-125.0,499,draft_capital+college,0.0,50.0,,4.411,,,,,,,,,,,,,,,,,,,,0.0,,no_2025_team,,Geno Smith,unknown,NOT_AVAILABLE,0,,,,no_college_match,,,,,,,v2.0,2026-09-08
507,138,Jackson Meeks,TE,DET,ACT,TE,4.0,,12938.0,00-0040390,4602788.0,2.298,1.0,2.3,127.3,-125.0,-125.0,499,draft_capital+college,0.0,50.0,,4.411,,,,,,,,,,,,,,,,,,,,0.0,,no_2025_team,,Jared Goff,unknown,NOT_AVAILABLE,1,,,Syracuse,matched,2024.0,13.0,77.692,1.0,0.077,0.0,v2.0,2026-09-08
508,139,Hayden Large,TE,CHI,RES,TE,5.0,,,00-0041170,,2.266,1.0,2.3,127.3,-125.0,-125.0,499,draft_capital+college,0.0,50.0,,4.411,,,,,,,,,,,,,,,,,,,,0.0,,no_2025_team,,Caleb Williams,unknown,NOT_AVAILABLE,0,,,Iowa,matched,2025.0,6.0,8.667,0.0,0.0,0.0,v2.0,2026-09-08
509,140,John Michael Gyllenborg,TE,KC,RES,TE,5.0,,13342.0,00-0040955,4708490.0,2.28,1.0,2.3,127.3,-125.0,-125.0,499,draft_capital+college,0.0,50.0,,4.411,,,,,,,,,,,,,,,,,,,,0.0,,no_2025_team,,Patrick Mahomes,unknown,NOT_AVAILABLE,0,,,Wyoming,no_college_match,,,,,,,v2.0,2026-09-08
510,141,Quentin Moore,TE,WAS,RES,TE,5.0,,,00-0041180,,2.266,1.0,2.3,127.3,-125.0,-125.0,499,draft_capital+college,0.0,50.0,,4.411,,,,,,,,,,,,,,,,,,,,0.0,,no_2025_team,,Jayden Daniels,unknown,NOT_AVAILABLE,0,,,Washington; Independence Comm. College,matched,2025.0,3.0,17.0,0.0,0.0,1.0,v2.0,2026-09-08
511,142,Thomas Yassmin,TE,GB,RES,TE,6.0,,,00-0039936,,2.28,1.0,2.3,127.3,-125.0,-125.0,499,draft_capital+college,0.0,50.0,,4.411,,,,,,,,,,,,,,,,,,,,0.0,,no_2025_team,,Jordan Love,unknown,NOT_AVAILABLE,2,,,Utah,no_college_match,,,,,,,v2.0,2026-09-08
512,143,Jake Briningstool,TE,KC,ACT,TE,4.0,,12817.0,00-0040081,4431196.0,2.28,1.0,2.3,127.3,-125.0,-125.0,499,draft_capital+college,0.0,50.0,,4.411,,,,,,,,,,,,,,,,,,,,0.0,,no_2025_team,,Patrick Mahomes,unknown,NOT_AVAILABLE,1,,,Clemson,matched,2024.0,12.0,35.5,0.417,0.0,5.0,v2.0,2026-09-08
513,144,Jameson Geers,TE,ARI,RES,TE,5.0,,,00-0041366,,2.269,1.0,2.3,127.3,-125.0,-125.0,499,draft_capital+college,0.0,50.0,,4.411,,,,,,,,,,,,,,,,,,,,0.0,,no_2025_team,,Jacoby Brissett,unknown,NOT_AVAILABLE,0,,,Minnesota,matched,2025.0,12.0,15.25,0.083,0.0,3.0,v2.0,2026-09-08
514,145,Tanner Arkin,TE,NE,ACT,TE,3.0,,,00-0041314,,2.27,1.0,2.3,127.3,-125.0,-125.0,499,draft_capital+college,0.0,50.0,,4.411,,,,,,,,,,,,,,,,,,,,0.0,,no_2025_team,,Drake Maye,unknown,NOT_AVAILABLE,0,,,Illinois; Colorado State,matched,2025.0,8.0,14.25,0.125,0.0,0.0,v2.0,2026-09-08
515,36,Michael Penix Jr.,QB,ATL,ACT,QB,2.0,,11559.0,00-0039917,4360423.0,15.028,10.259,154.2,280.5,-126.3,-128.7,530,nfl_history,11.5,58.2,14.159,15.652,15.364,9.82,,9.0,5.0,,5.54,0.217,1.0,0.0,0.357,55.929,14.0,10.075,0.67,26.106,0.286,0.286,0.643,-0.14,ATL,no,,,n/a,NOT_AVAILABLE,2,8.0,ATL,Washington; Indiana,no_college_match,,,,,,,v2.0,2026-09-08
516,203,Corey Rucker,WR,LV,RES,WR,8.0,,,00-0041005,,3.772,1.0,3.8,130.8,-127.0,-127.0,515,draft_capital+college,0.0,53.8,,6.636,,,,,,,,,,,,,,,,,,,,0.0,,no_2025_team,,Kirk Cousins,unknown,NOT_AVAILABLE,0,,,Arkansas State,matched,2025.0,13.0,73.846,1.231,0.154,1.0,v2.0,2026-09-08
517,204,Dalevon Campbell,WR,LAC,RES,WR,7.0,,13202.0,00-0040629,4569372.0,3.767,1.0,3.8,130.8,-127.0,-127.0,515,draft_capital+college,0.0,53.8,,6.636,,,,,,,,,,,,,,,,,,,,0.0,,no_2025_team,,Justin Herbert,unknown,NOT_AVAILABLE,1,,,South Carolina,matched,2024.0,6.0,50.167,1.167,0.5,0.0,v2.0,2026-09-08
518,205,Chase Roberts,WR,LV,RES,,,no_depth_chart_entry,13410.0,00-0041004,4714388.0,3.741,1.0,3.7,130.8,-127.1,-127.1,517,draft_capital+college,0.0,53.8,,6.636,,,,,,,,,,,,,,,,,,,,0.0,,no_2025_team,,Kirk Cousins,unknown,NOT_AVAILABLE,0,,,,matched,2025.0,13.0,61.154,0.769,0.385,5.0,v2.0,2026-09-08
519,206,Cole Burgess,WR,PIT,RES,WR,7.0,,12210.0,00-0039626,5192448.0,3.749,1.0,3.7,130.8,-127.1,-127.1,517,draft_capital+college,0.0,53.8,,6.636,,,,,,,,,,,,,,,,,,,,0.0,,no_2025_team,,Aaron Rodgers,unknown,NOT_AVAILABLE,2,,,Cortland State Of New York,no_college_match,,,,,,,v2.0,2026-09-08
520,207,Jeshaun Jones,WR,MIN,RES,WR,6.0,,,00-0039710,4360637.0,3.749,1.0,3.7,130.8,-127.1,-127.1,517,draft_capital+college,0.0,53.8,,6.636,,,,,,,,,,,,,,,,,,,,0.0,,no_2025_team,,Kyler Murray,unknown,NOT_AVAILABLE,2,,,Maryland,no_college_match,,,,,,,v2.0,2026-09-08
521,208,Jimmy Holiday,WR,KC,RES,WR,8.0,,,00-0040120,,3.736,1.0,3.7,130.8,-127.1,-127.1,517,draft_capital+college,0.0,53.8,,6.636,,,,,,,,,,,,,,,,,,,,0.0,,no_2025_team,,Patrick Mahomes,unknown,NOT_AVAILABLE,1,,,Louisiana Tech; Western Kentucky; Tennessee,matched,2024.0,13.0,51.077,0.692,0.0,6.0,v2.0,2026-09-08
522,209,Sincere Brown,WR,LAC,RES,,,no_depth_chart_entry,,00-0041374,,3.749,1.0,3.7,130.8,-127.1,-127.1,517,draft_capital+college,0.0,53.8,,6.636,,,,,,,,,,,,,,,,,,,,0.0,,no_2025_team,,Justin Herbert,unknown,NOT_AVAILABLE,0,,,,no_college_match,,,,,,,v2.0,2026-09-08
523,210,Jeff Caldwell,WR,KC,RES,WR,7.0,,13392.0,00-0040953,4885466.0,3.749,1.0,3.7,130.8,-127.1,-127.1,517,draft_capital+college,0.0,53.8,,6.636,,,,,,,,,,,,,,,,,,,,0.0,,no_2025_team,,Patrick Mahomes,unknown,NOT_AVAILABLE,0,,,Cincinnati; Lindenwood,no_college_match,,,,,,,v2.0,2026-09-08
524,211,Jeremiah Webb,WR,NE,RES,WR,7.0,,,00-0040570,,3.746,1.0,3.7,130.8,-127.1,-127.1,517,draft_capital+college,0.0,53.8,,6.636,,,,,,,,,,,,,,,,,,,,0.0,,no_2025_team,,Drake Maye,unknown,NOT_AVAILABLE,1,,,South Alabama; South Dakota,matched,2024.0,13.0,43.462,0.846,0.154,5.0,v2.0,2026-09-08
525,212,J. Michael Sturdivant,WR,GB,ACT,WR,6.0,,13770.0,00-0040948,4635009.0,3.749,1.0,3.7,130.8,-127.1,-127.1,517,draft_capital+college,0.0,53.8,,6.636,,,,,,,,,,,,,,,,,,,,0.0,,no_2025_team,,Jordan Love,unknown,NOT_AVAILABLE,0,,,Florida; UCLA; California,no_college_match,,,,,,,v2.0,2026-09-08
526,213,Camden Brown,WR,DAL,ACT,WR,6.0,,13726.0,00-0040930,4808759.0,3.749,1.0,3.7,130.8,-127.1,-127.1,517,draft_capital+college,0.0,53.8,,6.636,,,,,,,,,,,,,,,,,,,,0.0,,no_2025_team,,Dak Prescott,unknown,NOT_AVAILABLE,0,,,Georgia Southern; Auburn,no_college_match,,,,,,,v2.0,2026-09-08
527,214,Dohnte Meyers,WR,CIN,ACT,WR,5.0,,13264.0,00-0040785,4384852.0,3.749,1.0,3.7,130.8,-127.1,-127.1,517,draft_capital+college,0.0,53.8,,6.636,,,,,,,,,,,,,,,,,,,,0.0,,no_2025_team,,Joe Burrow,unknown,NOT_AVAILABLE,0,,,Delta State University; Presbyterian College,no_college_match,,,,,,,v2.0,2026-09-08
528,215,Brock Rechsteiner,WR,NO,RES,,,no_depth_chart_entry,14034.0,00-0041451,4877738.0,3.714,1.0,3.7,130.8,-127.1,-127.1,517,draft_capital+college,0.0,53.8,,6.636,,,,,,,,,,,,,,,,,,,,0.0,,no_2025_team,,Tyler Shough,unknown,NOT_AVAILABLE,0,,,Jacksonville State,matched,2025.0,11.0,33.455,0.364,0.091,6.0,v2.0,2026-09-08
529,216,Montorie Foster Jr,WR,SEA,ACT,WR,5.0,,13199.0,00-0040621,4600597.0,3.738,1.0,3.7,130.8,-127.1,-127.1,517,draft_capital+college,0.0,53.8,,6.636,,,,,,,,,,,,,,,,,,,,0.0,,no_2025_team,,Sam Darnold,unknown,NOT_AVAILABLE,1,,,Michigan State,matched,2024.0,11.0,53.273,0.727,0.091,3.0,v2.0,2026-09-08
530,217,Dontae Fleming,WR,MIN,RES,,,no_depth_chart_entry,,00-0040498,,3.732,1.0,3.7,130.8,-127.1,-127.1,517,draft_capital+college,0.0,53.8,,6.636,,,,,,,,,,,,,,,,,,,,0.0,,no_2025_team,,Kyler Murray,unknown,NOT_AVAILABLE,1,,,Tulane,matched,2024.0,11.0,55.545,0.636,0.455,1.0,v2.0,2026-09-08
531,37,Spencer Rattler,QB,NO,ACT,QB,2.0,,11562.0,00-0039376,4426339.0,14.06,10.612,149.2,280.5,-131.3,-153.9,537,nfl_history,12.5,56.1,12.022,15.652,12.627,10.469,,9.0,7.0,,2.16,0.08,1.0,2.0,0.375,55.375,16.0,6.603,0.47,16.26,0.062,0.062,0.812,-1.34,NO,no,,,n/a,NOT_AVAILABLE,2,150.0,NO,South Carolina; Oklahoma,no_college_match,,,,,,,v2.0,2026-09-08
532,38,J.J. McCarthy,QB,MIN,ACT,QB,2.0,,11565.0,00-0039923,4433970.0,15.147,9.729,147.4,280.5,-133.1,-133.9,531,nfl_history,10.0,61.5,14.338,15.652,14.338,,,10.0,,,,0.0,0.0,1.0,0.6,52.3,10.0,10.77,0.711,26.35,0.3,0.3,0.5,-0.05,MIN,no,,,n/a,NOT_AVAILABLE,2,10.0,MIN,Michigan,no_college_match,,,,,,,v2.0,2026-09-08
533,39,Jameis Winston,QB,NYG,ACT,QB,2.0,,2306.0,00-0031503,2969939.0,14.844,9.624,142.8,280.5,-137.7,-140.1,532,nfl_history,9.7,62.3,13.509,15.652,15.927,14.558,2.66,3.0,11.0,6.0,1.37,0.412,2.0,1.0,0.4,36.7,14.0,15.366,1.035,32.807,0.286,0.286,0.643,-0.14,NYG,no,,,n/a,NOT_AVAILABLE,11,1.0,TB,Florida State,no_college_match,,,,,,,v2.0,2026-09-08
534,40,Ty Simpson,QB,LA,ACT,QB,3.0,,13275.0,00-0041568,4685522.0,14.387,9.42,135.5,280.5,-145.0,-145.0,533,draft_capital+college,0.0,72.7,,15.723,,,,,,,,,,,,,,,,,,,,0.0,,no_2025_team,,,n/a,NOT_AVAILABLE,0,13.0,LAR,Alabama,matched,2025.0,15.0,20.467,0.133,0.0,11.0,v2.0,2026-09-08
535,41,Anthony Richardson,QB,IND,ACT,QB,2.0,,9229.0,00-0039164,4429084.0,14.624,9.129,133.5,280.5,-147.0,-153.7,536,nfl_history,8.3,65.8,12.642,15.652,0.83,15.987,19.17,2.0,11.0,4.0,-15.16,0.181,3.0,6.0,1.706,47.471,13.0,10.478,0.717,25.944,0.231,0.231,0.692,-0.4,IND,no,,,n/a,NOT_AVAILABLE,3,4.0,IND,Florida,no_college_match,,,,,,,v2.0,2026-09-08
536,42,Tyrod Taylor,QB,GB,ACT,QB,2.0,,827.0,00-0028118,14163.0,14.108,9.376,132.3,280.5,-148.2,-153.2,535,nfl_history,9.0,64.0,11.362,15.652,11.743,12.53,9.634,6.0,2.0,10.0,-0.79,0.178,3.0,2.0,0.389,36.556,8.0,8.962,0.635,20.492,0.25,0.25,0.625,-0.3,NYJ,YES,,,n/a,NOT_AVAILABLE,15,180.0,BAL,Virginia Tech,no_college_match,,,,,,,v2.0,2026-09-08
537,43,Shedeur Sanders,QB,CLE,ACT,QB,2.0,,12524.0,00-0040668,4432762.0,14.639,9.024,132.1,280.5,-148.4,-161.0,539,nfl_history,8.0,66.7,12.612,15.652,12.612,,,8.0,,,,0.375,2.0,0.0,0.25,53.5,8.0,12.662,0.865,13.256,0.125,0.125,0.75,-0.75,CLE,no,,,n/a,NOT_AVAILABLE,1,144.0,CLE,Colorado; Jackson State University,matched,2024.0,13.0,42.538,0.308,0.231,39.0,v2.0,2026-09-08
538,44,Gardner Minshew,QB,ARI,ACT,QB,2.0,,6011.0,00-0035289,4038524.0,12.504,10.506,131.4,280.5,-149.1,-177.5,555,nfl_history,12.2,56.7,8.375,15.652,-0.08,11.332,14.325,4.0,10.0,16.0,-11.41,0.139,4.0,1.0,0.3,52.567,14.0,8.125,0.65,16.11,0.0,0.0,0.857,-1.69,KC,YES,,,n/a,NOT_AVAILABLE,7,178.0,JAX,Washington State,no_college_match,,,,,,,v2.0,2026-09-08
539,45,Carson Wentz,QB,MIN,ACT,QB,3.0,,3161.0,00-0032950,2573079.0,15.323,8.388,128.5,280.5,-152.0,-152.0,534,nfl_history,6.2,72.1,14.472,15.652,16.268,2.36,30.12,5.0,2.0,1.0,13.91,0.323,0.0,0.0,0.875,50.5,7.0,8.673,0.566,19.908,0.286,0.286,0.714,0.0,MIN,no,,,n/a,NOT_AVAILABLE,10,2.0,PHI,North Dakota State,no_college_match,,,,,,,v2.0,2026-09-08
540,46,Aidan O'Connell,QB,LV,ACT,QB,3.0,,10866.0,00-0038579,4260394.0,14.376,8.918,128.2,280.5,-152.3,-168.8,544,nfl_history,7.7,67.5,11.725,15.652,4.78,12.387,13.529,1.0,9.0,11.0,-7.61,0.156,2.0,0.0,0.381,53.286,10.0,8.359,0.581,20.978,0.1,0.1,0.7,-0.98,LV,no,,,n/a,NOT_AVAILABLE,3,135.0,LV,Purdue,no_college_match,,,,,,,v2.0,2026-09-08
541,47,Malik Willis,QB,MIA,ACT,QB,1.0,,8161.0,00-0038128,4242512.0,14.365,8.812,126.6,280.5,-153.9,-164.0,543,nfl_history,7.4,68.4,11.58,15.652,14.045,9.633,1.53,4.0,6.0,2.0,4.41,0.0,0.0,4.0,0.917,27.583,10.0,11.496,0.8,23.04,0.2,0.2,0.7,-0.6,GB,YES,,,n/a,NOT_AVAILABLE,4,86.0,TEN,Liberty; Auburn,no_college_match,,,,,,,v2.0,2026-09-08
542,48,Davis Mills,QB,HOU,ACT,QB,2.0,,7585.0,00-0036898,4242546.0,13.488,9.376,126.5,280.5,-154.0,-154.8,538,nfl_history,9.0,64.0,9.639,15.652,12.933,2.395,4.364,6.0,4.0,5.0,10.54,0.0,0.0,0.0,0.467,27.6,10.0,10.31,0.764,18.464,0.3,0.3,0.7,-0.05,HOU,no,,,n/a,NOT_AVAILABLE,5,67.0,HOU,Stanford,no_college_match,,,,,,,v2.0,2026-09-08
543,49,Dillon Gabriel,QB,CLE,RES,QB,4.0,,12486.0,00-0040704,4427238.0,12.866,9.729,125.2,280.5,-155.3,-171.8,546,nfl_history,10.0,61.5,8.408,15.652,8.408,,,10.0,,,,0.0,0.0,0.0,0.2,37.2,10.0,8.723,0.678,18.504,0.1,0.1,0.7,-0.98,CLE,no,,,n/a,NOT_AVAILABLE,1,94.0,CLE,Oregon; Oklahoma; UCF,matched,2024.0,14.0,24.214,0.286,0.071,37.0,v2.0,2026-09-08
544,50,Mason Rudolph,QB,PIT,ACT,QB,2.0,,4972.0,00-0034771,3116407.0,12.932,9.659,124.9,280.5,-155.6,-176.3,554,nfl_history,9.8,62.0,8.491,15.652,3.8,13.725,11.64,5.0,8.0,4.0,-9.93,0.061,3.0,0.0,0.471,46.176,13.0,8.377,0.648,19.908,0.077,0.077,0.769,-1.23,PIT,no,,,n/a,NOT_AVAILABLE,8,76.0,PIT,Oklahoma State,no_college_match,,,,,,,v2.0,2026-09-08
545,51,Tyler Huntley,QB,BAL,ACT,QB,2.0,,7083.0,00-0035993,4035671.0,13.56,9.2,124.8,280.5,-155.7,-184.1,563,nfl_history,8.5,65.3,9.623,15.652,8.828,12.532,6.324,5.0,5.0,5.0,-3.7,0.0,0.0,3.0,0.933,39.8,10.0,7.711,0.569,17.879,0.0,0.0,0.7,-1.69,BAL,no,,,n/a,NOT_AVAILABLE,6,,,Utah,no_college_match,,,,,,,v2.0,2026-09-08
546,52,Deshaun Watson,QB,CLE,ACT,QB,1.0,,4017.0,00-0033537,3122840.0,15.099,7.859,118.7,280.5,-161.8,-161.8,540,nfl_history,4.7,77.3,13.217,15.652,,12.103,16.467,,7.0,6.0,,0.043,1.0,0.0,0.846,61.385,7.0,4.956,0.328,15.94,0.0,0.0,0.714,0.0,,no_2025_team,,,n/a,NOT_AVAILABLE,9,12.0,HOU,Clemson,no_college_match,,,,,,,v2.0,2026-09-08
547,53,Cooper Rush,QB,ATL,ACT,QB,3.0,,4574.0,00-0033662,2972515.0,11.591,10.224,118.5,280.5,-162.0,-174.6,551,nfl_history,11.4,58.4,5.891,15.652,0.43,10.797,0.466,4.0,12.0,7.0,-10.37,0.088,1.0,0.0,0.217,32.87,16.0,9.235,0.797,18.225,0.125,0.125,0.812,-0.75,BAL,YES,,,n/a,NOT_AVAILABLE,9,,,Central Michigan; Tarrant County JC,no_college_match,,,,,,,v2.0,2026-09-08
548,54,Sam Howell,QB,DAL,ACT,QB,2.0,,8162.0,00-0037077,4426875.0,15.599,7.576,118.2,280.5,-162.3,-162.3,541,nfl_history,3.9,80.4,15.382,15.652,,-0.84,17.767,,1.0,17.0,,0.308,1.0,3.0,0.611,60.278,1.0,,,-0.84,0.0,0.0,1.0,0.0,,no_2025_team,,,n/a,NOT_AVAILABLE,4,144.0,WAS,North Carolina,no_college_match,,,,,,,v2.0,2026-09-08
549,55,Joshua Dobbs,QB,DET,ACT,QB,2.0,,4179.0,00-0033949,3044720.0,13.3,8.882,118.1,280.5,-162.4,-162.4,542,nfl_history,7.6,67.8,8.349,15.652,0.525,17.42,16.897,4.0,2.0,13.0,-16.9,0.066,0.0,6.0,0.842,51.526,6.0,10.539,0.792,12.76,0.167,0.167,0.833,0.0,NE,YES,,,n/a,NOT_AVAILABLE,9,135.0,PIT,Tennessee,no_college_match,,,,,,,v2.0,2026-09-08
550,56,Mitchell Trubisky,QB,TEN,ACT,QB,2.0,,3976.0,00-0033869,3039707.0,12.421,9.376,116.5,280.5,-164.0,-183.2,561,nfl_history,9.0,64.0,6.676,15.652,9.78,2.407,11.336,4.0,8.0,5.0,7.37,0.056,1.0,0.0,0.471,23.588,12.0,10.766,0.867,9.863,0.083,0.083,0.917,-1.14,BUF,YES,,,n/a,NOT_AVAILABLE,9,2.0,CHI,North Carolina,no_college_match,,,,,,,v2.0,2026-09-08
551,57,Andy Dalton,QB,PHI,ACT,QB,2.0,,829.0,00-0027973,14012.0,12.986,8.812,114.4,280.5,-166.1,-176.2,553,nfl_history,7.4,68.4,7.22,15.652,2.88,11.993,14.82,4.0,6.0,2.0,-9.11,0.122,1.0,0.0,0.083,40.25,10.0,11.177,0.861,19.434,0.2,0.2,0.7,-0.6,CAR,YES,,,n/a,NOT_AVAILABLE,15,35.0,CIN,TCU,no_college_match,,,,,,,v2.0,2026-09-08
552,58,Drew Lock,QB,SEA,ACT,QB,2.0,,5854.0,00-0035704,3924327.0,12.946,8.776,113.6,280.5,-166.9,-183.4,562,nfl_history,7.3,68.7,7.013,15.652,-0.633,13.163,8.78,3.0,7.0,4.0,-13.8,0.205,2.0,3.0,0.143,35.571,10.0,14.022,1.083,14.924,0.1,0.1,0.9,-0.98,SEA,no,,,n/a,NOT_AVAILABLE,7,42.0,DEN,Missouri,no_college_match,,,,,,,v2.0,2026-09-08
553,59,Kenny Pickett,QB,CAR,ACT,QB,2.0,,8160.0,00-0038102,4240703.0,11.11,10.047,111.6,280.5,-168.9,-197.3,566,nfl_history,10.9,59.5,4.443,15.652,1.62,5.628,10.267,6.0,5.0,12.0,-4.01,0.055,3.0,0.0,0.304,38.391,11.0,6.407,0.577,10.25,0.0,0.0,1.0,-1.69,LV,YES,,,n/a,NOT_AVAILABLE,4,20.0,PIT,Pittsburgh,no_college_match,,,,,,,v2.0,2026-09-08
554,60,Quinn Ewers,QB,JAX,ACT,QB,2.0,,12500.0,00-0040234,4889929.0,14.356,7.612,109.3,280.5,-171.2,-171.2,545,nfl_history,4.0,80.0,9.17,15.652,9.17,,,4.0,,,,0.25,1.0,0.0,0.25,44.75,4.0,7.974,0.555,15.275,0.0,0.0,0.75,0.0,MIA,YES,,,n/a,NOT_AVAILABLE,1,231.0,MIA,Texas; Ohio State,matched,2024.0,14.0,34.929,0.786,0.143,2.0,v2.0,2026-09-08
555,61,Riley Leonard,QB,IND,ACT,QB,3.0,,12470.0,00-0040206,4683423.0,13.545,7.965,107.9,280.5,-172.6,-172.6,547,nfl_history,5.0,76.2,6.8,15.652,6.8,,,5.0,,,,0.2,1.0,0.0,0.4,26.0,5.0,11.557,0.853,16.42,0.2,0.2,0.8,0.0,IND,no,,,n/a,NOT_AVAILABLE,1,189.0,IND,Notre Dame; Duke,matched,2024.0,15.0,63.533,0.533,0.067,24.0,v2.0,2026-09-08
556,62,Tanner McKee,QB,PHI,ACT,QB,3.0,,9230.0,00-0038400,4685201.0,13.553,7.965,107.9,280.5,-172.6,-172.6,547,nfl_history,5.0,76.2,6.834,15.652,3.94,18.41,,4.0,2.0,,-14.47,0.0,0.0,0.0,0.0,29.667,6.0,9.55,0.705,16.185,0.0,0.0,0.667,0.0,PHI,no,,,n/a,NOT_AVAILABLE,3,188.0,PHI,Stanford,no_college_match,,,,,,,v2.0,2026-09-08
557,63,Tommy DeVito,QB,NE,ACT,QB,2.0,,11292.0,00-0038476,4240391.0,14.845,7.188,106.7,280.5,-173.8,-173.8,549,nfl_history,2.8,85.1,10.231,15.652,,6.74,12.171,,2.0,9.0,,0.071,1.0,1.0,0.545,45.091,2.0,5.685,0.383,9.554,0.0,0.0,1.0,0.0,,no_2025_team,,,n/a,NOT_AVAILABLE,3,,,Illinois; Syracuse,no_college_match,,,,,,,v2.0,2026-09-08
558,64,Brady Cook,QB,MIA,ACT,QB,3.0,,12538.0,00-0040398,4429435.0,13.376,7.965,106.5,280.5,-174.0,-174.0,550,nfl_history,5.0,76.2,6.092,15.652,6.092,,,5.0,,,,0.0,0.0,0.0,0.0,59.2,5.0,4.715,0.352,11.004,0.0,0.0,1.0,0.0,NYJ,YES,,,n/a,NOT_AVAILABLE,1,,,Missouri,matched,2024.0,11.0,34.273,0.273,0.0,13.0,v2.0,2026-09-08
559,65,Zach Wilson,QB,NO,ACT,QB,3.0,,7538.0,00-0037013,4361259.0,12.447,8.459,105.3,280.5,-175.2,-175.2,552,nfl_history,6.4,71.4,4.432,15.652,0.345,,11.245,4.0,,12.0,,0.094,2.0,2.0,0.188,44.625,4.0,0.829,0.067,0.869,0.0,0.0,1.0,0.0,MIA,YES,,,n/a,NOT_AVAILABLE,5,2.0,NYJ,BYU,no_college_match,,,,,,,v2.0,2026-09-08
560,66,Trey Lance,QB,LAC,ACT,QB,2.0,,7610.0,00-0037012,4383351.0,12.289,8.318,102.2,280.5,-178.3,-206.7,567,nfl_history,6.0,72.7,3.318,15.652,3.385,3.185,,4.0,4.0,,0.2,0.0,0.0,1.0,0.375,24.75,8.0,4.593,0.374,8.066,0.0,0.0,1.0,-1.69,LAC,no,,,n/a,NOT_AVAILABLE,5,3.0,SF,North Dakota State,no_college_match,,,,,,,v2.0,2026-09-08
561,67,Tyson Bagent,QB,CHI,ACT,QB,2.0,,11256.0,00-0038416,4434153.0,12.55,7.965,100.0,280.5,-180.5,-180.5,556,nfl_history,5.0,76.2,2.62,15.652,0.79,-0.065,11.652,2.0,4.0,5.0,0.86,0.0,0.0,1.0,0.364,30.0,6.0,0.511,0.041,0.785,0.0,0.0,1.0,0.0,CHI,no,,,n/a,NOT_AVAILABLE,3,,,Shepherd,no_college_match,,,,,,,v2.0,2026-09-08
562,68,Chris Oladokun,QB,KC,RES,,,no_depth_chart_entry,8413.0,00-0037324,4044111.0,13.405,7.435,99.7,280.5,-180.8,-180.8,557,nfl_history,3.5,82.1,3.129,15.652,3.733,-0.5,,3.0,1.0,,4.23,0.0,0.0,0.0,0.25,28.5,4.0,4.76,0.355,6.67,0.0,0.0,1.0,0.0,KC,no,,,n/a,NOT_AVAILABLE,4,241.0,PIT,South Dakota State,no_college_match,,,,,,,v2.0,2026-09-08
563,69,Jarrett Stidham,QB,DEN,ACT,QB,2.0,,6136.0,00-0035264,3892775.0,13.952,7.047,98.3,280.5,-182.2,-182.2,558,nfl_history,2.4,87.0,2.616,15.652,-0.1,0.25,15.32,1.0,2.0,2.0,-0.35,0.083,1.0,0.0,0.2,29.0,3.0,0.493,0.035,0.46,0.0,0.0,1.0,0.0,DEN,no,,,n/a,NOT_AVAILABLE,7,133.0,NE,Auburn; McLennan CC; Baylor,no_college_match,,,,,,,v2.0,2026-09-08
564,70,Case Keenum,QB,CHI,ACT,QB,3.0,,1737.0,00-0028986,15168.0,15.402,6.341,97.7,280.5,-182.8,-182.8,559,nfl_history,0.4,97.6,5.37,15.652,,,5.37,,,2.0,,0.0,0.0,0.0,0.5,56.5,,,,,,,,0.0,,no_2025_team,,,n/a,NOT_AVAILABLE,14,,,Houston,no_college_match,,,,,,,v2.0,2026-09-08
565,71,Skylar Thompson,QB,BAL,RES,QB,4.0,,8206.0,00-0037327,4036419.0,14.905,6.553,97.7,280.5,-182.8,-182.8,559,nfl_history,1.0,94.1,2.94,15.652,,2.94,,,2.0,,,0.0,0.0,0.0,0.0,28.0,2.0,0.933,0.063,3.402,0.0,0.0,1.0,0.0,,no_2025_team,,,n/a,NOT_AVAILABLE,4,247.0,MIA,Kansas State,no_college_match,,,,,,,v2.0,2026-09-08
566,72,Kyle Allen,QB,BUF,ACT,QB,2.0,,5127.0,00-0034577,3115293.0,12.703,7.506,95.4,280.5,-185.1,-185.1,564,nfl_history,3.7,81.2,-0.049,15.652,-0.15,0.76,-0.217,2.0,1.0,6.0,-0.91,0.0,0.0,0.0,0.222,5.667,3.0,0.528,0.042,0.502,0.0,0.0,1.0,0.0,DET,YES,,,n/a,NOT_AVAILABLE,8,,,Houston; Texas A&M,no_college_match,,,,,,,v2.0,2026-09-08
567,73,Jalen Milroe,QB,SEA,ACT,QB,3.0,,12510.0,00-0040673,4432734.0,13.097,7.259,95.1,280.5,-185.4,-185.4,565,nfl_history,3.0,84.2,-0.533,15.652,-0.533,,,3.0,,,,0.0,0.0,0.0,0.0,1.0,3.0,1.274,0.097,0.24,0.0,0.0,1.0,0.0,SEA,no,,,n/a,NOT_AVAILABLE,1,92.0,SEA,Alabama,matched,2024.0,13.0,105.692,1.538,0.615,36.0,v2.0,2026-09-08
568,74,Carson Beck,QB,ARI,ACT,QB,3.0,,13272.0,00-0041561,4430841.0,13.476,5.401,72.8,280.5,-207.7,-207.7,568,draft_capital+college,0.0,72.7,,15.723,,,,,,,,,,,,,,,,,,,,0.0,,no_2025_team,,,n/a,NOT_AVAILABLE,0,65.0,AZ,Miami; Georgia,no_college_match,,,,,,,v2.0,2026-09-08
569,75,Drew Allar,QB,PIT,ACT,QB,4.0,,13289.0,00-0041565,4714771.0,13.69,5.01,68.6,280.5,-211.9,-211.9,569,draft_capital+college,0.0,72.7,,15.723,,,,,,,,,,,,,,,,,,,,0.0,,no_2025_team,,,n/a,NOT_AVAILABLE,0,76.0,PIT,Penn State,matched,2025.0,6.0,50.333,0.833,0.333,1.0,v2.0,2026-09-08
570,76,Cade Klubnik,QB,NYJ,ACT,QB,2.0,,13303.0,00-0041056,4685413.0,12.97,4.087,53.0,280.5,-227.5,-227.5,570,draft_capital+college,0.0,72.7,,15.723,,,,,,,,,,,,,,,,,,,,0.0,,no_2025_team,,,n/a,NOT_AVAILABLE,0,110.0,NYJ,Clemson,matched,2025.0,12.0,28.917,0.167,0.083,16.0,v2.0,2026-09-08
571,77,Stetson Bennett,QB,LA,ACT,QB,2.0,,10857.0,00-0039107,4259553.0,12.978,3.708,48.1,280.5,-232.4,-232.4,571,draft_capital+college,0.0,72.7,,15.723,,,,,,,,,,,,,,,,,,,,0.0,,no_2025_team,,,n/a,NOT_AVAILABLE,3,128.0,LAR,Georgia; Jones County JC,no_college_match,,,,,,,v2.0,2026-09-08
572,78,Cole Payton,QB,PHI,ACT,QB,4.0,,13335.0,00-0040891,4879250.0,12.854,2.885,37.1,280.5,-243.4,-243.4,572,draft_capital+college,0.0,72.7,,15.723,,,,,,,,,,,,,,,,,,,,0.0,,no_2025_team,,,n/a,NOT_AVAILABLE,0,178.0,PHI,North Dakota State,matched,2025.0,13.0,64.0,0.615,0.231,11.0,v2.0,2026-09-08
573,79,Taylen Green,QB,CLE,ACT,QB,3.0,,13306.0,00-0041092,4431325.0,13.016,2.829,36.8,280.5,-243.7,-243.7,573,draft_capital+college,0.0,72.7,,15.723,,,,,,,,,,,,,,,,,,,,0.0,,no_2025_team,,,n/a,NOT_AVAILABLE,0,182.0,CLE,Arkansas; Boise State,matched,2025.0,12.0,86.333,1.0,0.333,21.0,v2.0,2026-09-08
574,80,Kyle McCord,QB,MIA,ACT,QB,2.0,,12494.0,00-0040014,4433971.0,12.624,2.843,35.9,280.5,-244.6,-244.6,574,draft_capital+college,0.0,72.7,,15.723,,,,,,,,,,,,,,,,,,,,0.0,,no_2025_team,,,n/a,NOT_AVAILABLE,1,181.0,PHI,Syracuse; Ohio State,matched,2024.0,13.0,15.0,0.154,0.0,37.0,v2.0,2026-09-08
575,81,Will Howard,QB,PIT,ACT,QB,3.0,,12511.0,00-0040203,4429955.0,12.596,2.788,35.1,280.5,-245.4,-245.4,575,draft_capital+college,0.0,72.7,,15.723,,,,,,,,,,,,,,,,,,,,0.0,,no_2025_team,,,n/a,NOT_AVAILABLE,1,185.0,PIT,Ohio State; Kansas State,matched,2024.0,16.0,32.938,0.125,0.062,39.0,v2.0,2026-09-08
576,82,Graham Mertz,QB,HOU,RES,QB,3.0,,12705.0,00-0040211,4426335.0,12.677,2.631,33.4,280.5,-247.1,-247.1,576,draft_capital+college,0.0,72.7,,15.723,,,,,,,,,,,,,,,,,,,,0.0,,no_2025_team,,,n/a,NOT_AVAILABLE,1,197.0,HOU,Florida; Wisconsin,matched,2024.0,5.0,30.0,0.4,0.0,7.0,v2.0,2026-09-08
577,83,Sam Ehlinger,QB,DEN,ACT,QB,3.0,,7583.0,00-0036879,4241820.0,12.587,2.378,29.9,280.5,-250.6,-250.6,577,draft_capital+college,0.0,72.7,,15.723,,,,,,,,,,,,,,,,,,,,0.0,,no_2025_team,,,n/a,NOT_AVAILABLE,5,218.0,IND,Texas,no_college_match,,,,,,,v2.0,2026-09-08
578,84,Athan Kaliakmanis,QB,WAS,ACT,QB,3.0,,13557.0,00-0041117,4432722.0,12.419,2.322,28.8,280.5,-251.7,-251.7,578,draft_capital+college,0.0,72.7,,15.723,,,,,,,,,,,,,,,,,,,,0.0,,no_2025_team,,,n/a,NOT_AVAILABLE,0,223.0,WAS,Rutgers; Minnesota,matched,2025.0,12.0,16.333,0.0,0.0,12.0,v2.0,2026-09-08
579,85,Kurtis Rourke,QB,SF,ACT,QB,3.0,,12477.0,00-0040589,4430431.0,12.408,2.277,28.3,280.5,-252.2,-252.2,579,draft_capital+college,0.0,72.7,,15.723,,,,,,,,,,,,,,,,,,,,0.0,,no_2025_team,,,n/a,NOT_AVAILABLE,1,227.0,SF,Indiana,matched,2024.0,12.0,13.75,0.0,0.0,31.0,v2.0,2026-09-08
580,86,Behren Morton,QB,NE,ACT,QB,3.0,,13295.0,00-0041123,4431465.0,12.469,2.201,27.5,280.5,-253.0,-253.0,580,draft_capital+college,0.0,72.7,,15.723,,,,,,,,,,,,,,,,,,,,0.0,,no_2025_team,,,n/a,NOT_AVAILABLE,0,234.0,NE,Texas Tech,matched,2025.0,10.0,16.7,0.2,0.1,13.0,v2.0,2026-09-08
581,87,Garrett Nussmeier,QB,KC,ACT,QB,3.0,,13404.0,00-0040906,4567747.0,12.445,2.046,25.5,280.5,-255.0,-255.0,581,draft_capital+college,0.0,72.7,,15.723,,,,,,,,,,,,,,,,,,,,0.0,,no_2025_team,,,n/a,NOT_AVAILABLE,0,249.0,KC,LSU,matched,2025.0,8.0,10.75,0.25,0.0,12.0,v2.0,2026-09-08
582,88,Joe Fagnano,QB,BAL,ACT,QB,3.0,,13350.0,00-0040981,4429582.0,11.681,1.0,11.7,280.5,-268.8,-268.8,582,draft_capital+college,0.0,72.7,,15.723,,,,,,,,,,,,,,,,,,,,0.0,,no_2025_team,,,n/a,NOT_AVAILABLE,0,,,Connecticut; Maine,matched,2025.0,10.0,49.3,0.9,0.2,25.0,v2.0,2026-09-08
583,89,Haynes King,QB,CAR,ACT,QB,3.0,,13415.0,00-0041149,4428993.0,11.663,1.0,11.7,280.5,-268.8,-268.8,582,draft_capital+college,0.0,72.7,,15.723,,,,,,,,,,,,,,,,,,,,0.0,,no_2025_team,,,n/a,NOT_AVAILABLE,0,,,Georgia Tech; Texas A&M,matched,2025.0,12.0,83.917,0.667,0.083,17.0,v2.0,2026-09-08
584,90,Carter Bradley,QB,JAX,RES,QB,3.0,,11851.0,00-0039534,4362260.0,11.641,1.0,11.6,280.5,-268.9,-268.9,584,draft_capital+college,0.0,72.7,,15.723,,,,,,,,,,,,,,,,,,,,0.0,,no_2025_team,,,n/a,NOT_AVAILABLE,2,,,South Alabama; Toledo,no_college_match,,,,,,,v2.0,2026-09-08
585,91,Matthew Caldwell,QB,LA,RES,QB,4.0,,,00-0041414,,11.624,1.0,11.6,280.5,-268.9,-268.9,584,draft_capital+college,0.0,72.7,,15.723,,,,,,,,,,,,,,,,,,,,0.0,,no_2025_team,,,n/a,NOT_AVAILABLE,0,,,Texas; Troy; Gardner-Webb; Jacksonville State,matched,2024.0,7.0,24.429,0.143,0.0,8.0,v2.0,2026-09-08
586,92,Jack Strand,QB,ATL,ACT,QB,4.0,,,00-0041194,5344782.0,11.641,1.0,11.6,280.5,-268.9,-268.9,584,draft_capital+college,0.0,72.7,,15.723,,,,,,,,,,,,,,,,,,,,0.0,,no_2025_team,,,n/a,NOT_AVAILABLE,0,,,Minnesota State,no_college_match,,,,,,,v2.0,2026-09-08
587,93,Jalon Daniels,QB,TB,ACT,QB,2.0,,13425.0,00-0041251,4596472.0,11.632,1.0,11.6,280.5,-268.9,-268.9,584,draft_capital+college,0.0,72.7,,15.723,,,,,,,,,,,,,,,,,,,,0.0,,no_2025_team,,,n/a,NOT_AVAILABLE,0,,,Kansas,matched,2025.0,12.0,50.833,0.25,0.0,16.0,v2.0,2026-09-08
